"soil_moist";"Clay";"WHC";"Magnesium";"Calcium";"bulk_density";"MWD";"C_tot_mg";"N_tot_mg";"P_tot_mg";"pH";"bact16S";"fungITS";"Lat";"Long";"temp";"precip";"bact_sobs";"bact_shan";"bact_pielou";"cerco_sobs";"cerco_shan";"cerco_pielou";"fung_sobs";"fung_shan";"fung_pielou";"beta_b.bray";"beta_f.bray";"beta_c.bray";"mgt_disp"
"002SPAcr";0.089805825;11.85272183;0.362957239;0.68;2.9;1.505598971;0.464905773;6600;540;157.58;5.58;1470765.25;229031.2688;37.64241;-5.28839;17.7;619;1195;6.24119470402285;0.880790501449856;391;4.64597883661054;0.778389423492199;67;2.24849269342885;0.534757923340075;0.577527718772091;0.615407326056542;0.445542694939799;1.34918729
"003SPAcr";0.078891471;30.48837254;0.45564267;1.07;23.9;1.436150544;0.632728347;11500;950;101.41;8.2;1519802.188;239741.9477;37.65983;-5.282124;17.7;619;1223;6.28218251987722;0.883686539795586;396;4.75272426235877;0.794582032693233;73;2.65607252758197;0.619064826043675;0.561570031607856;0.615648853423614;0.453790325281945;1.34918729
"005SPAcr";0.192267528;25.54988733;0.568800569;1.01;11.2;0.969984443;0.555602023;41500;1010;465.18;8.27;1510567.5;121069.0974;37.4133;-5.584381;18;599;1472;6.23393149396051;0.854621475991967;395;5.06215542809927;0.846672043446039;108;3.23670687452367;0.691289226532779;0.423722068233507;0.601177502379443;0.39706196189886;2.125495323
"006SPAcr";0.175333428;32.41585759;0.583448887;NA;NA;0.918647424;0.647769773;43200;1080;470.78;8.21;1250934;94605.38948;37.40317;-5.588811;18;599;1379;6.23855201462484;0.862976032759518;324;4.75201405207658;0.82204201571902;81;3.00578577007234;0.683996028689149;0.46483516479576;0.591231776928098;0.472025837046394;2.578530797
"008SPAcr ";0.071851988;9.862681203;0.325469226;0.7;4.1;1.592055331;0.419457328;7600;660;941.29;6.45;1386221.625;208623.8048;40.05874;-4.416166;14.9;366;1488;6.43277280719383;0.880575916393105;479;5.19392890638974;0.841571755533416;66;2.87705277508692;0.686704025089991;0.439798821316965;0.581209449512496;0.359296409366818;2.302762587
"009SPAcr ";0.053503856;10.80977486;0.429633021;1.19;7.2;1.646390405;0.345498867;6600;640;900.9;6.52;1774360.563;207090.6933;40.05793;-4.416149;14.9;366;1505;6.45336330053882;0.8820229354416;463;4.95866275959063;0.807898871340224;99;3.38880909436024;0.737480023347156;0.443381828616127;0.545939848011895;0.366638068554389;1.422820848
"011SPAcr ";0.091294883;41.64591856;0.507009625;3.82;36.1;1.544233303;0.489210783;7200;800;380.82;8.12;1568966.813;98714.24304;40.06371;-4.420127;15;361;1244;5.97655821237485;0.838687204234577;334;4.73735147861468;0.81521881577821;108;3.54417156585192;0.756956905718503;0.465606327361039;0.556764583166024;0.43615806021895;1.698160464
"012SPAcr ";0.076988707;43.90778487;0.499803245;5.31;34.3;1.28553055;0.681318314;7500;800;278.9;7.45;1477161.313;106398.6132;40.0639;-4.420142;15;361;1343;6.2098909563992;0.862166189268593;341;4.88103119123369;0.836956370476667;112;3.77494336432865;0.800030574828247;0.449024315175143;0.596819856139507;0.408916257476335;1.698160464
"014SPAcr ";0.059870849;18.81799474;0.456451267;1.07;15.8;1.227615128;0.706945124;23700;1420;336.99;8.05;1574612;97356.91606;41.54509;-4.464584;11.9;432;1368;6.29574095590131;0.871852835584114;378;4.98526740372306;0.839992633297923;97;3.11888881588732;0.68176740138186;0.419890930707785;0.553505477994254;0.390496169250914;1.195314724
"015SPAcr ";0.056875533;12.39060094;0.414681554;1.36;11.3;1.379648418;1.048077966;42800;1260;506.91;8.15;1626439.063;124186.0216;41.51923;-4.463892;11.6;436;1337;6.19693850456416;0.860903092868757;399;4.88081190082831;0.814967998802532;109;3.46730526144898;0.739085087802412;0.42354463920127;0.540010078207381;0.370481310503016;1.365324691
"017SPAcr ";0.062533204;23.55894942;0.487980783;3.24;12.4;1.343731179;0.224457446;9700;1150;282.79;7.21;1825393.563;148514.6356;40.52452;-3.300993;13.7;421;1367;6.22937257038218;0.862749313435631;380;4.8299019124026;0.813091358298911;92;3.08137263296569;0.681449957347767;0.447447184545432;0.58180840237711;0.397060293965055;2.494953008
"018SPAcr ";0.042318115;13.41630347;0.405218124;1.39;10.1;1.518601293;0.284828508;9900;1000;360.63;8.06;1993055.5;169382.1539;40.52339;-3.30303;13.7;421;1314;6.20593983446533;0.864236975141688;369;4.68516048724243;0.792644506213248;111;3.53760078411753;0.751157893229299;0.471429584763761;0.592674234374702;0.411901111314999;2.494953008
"020SPAcr ";0.043031381;14.0094765;0.377667189;1.54;12.3;1.481558511;0.393562729;10400;710;354.97;8.27;1734256.625;472913.8839;40.51571;-3.309145;13.7;421;1323;6.07309476231862;0.844933839170726;315;4.84809575191396;0.842770018963843;46;2.45822521570544;0.642062016557533;0.476424045865728;0.671741360058236;0.444071811120713;1.516412821
"021SPAcr ";0.039812979;15.21060648;0.37664628;1.49;12.2;1.412394441;0.430488082;11300;830;372.82;8.19;1556191.313;113419.7718;40.51566;-3.309169;13.7;421;1446;6.34432377179861;0.871885466238976;364;4.85088217332686;0.822580228056831;115;3.71401181527348;0.782732337323152;0.459445590697186;0.601940052792172;0.439898479811348;1.481459077
"023SPAcr ";0.052012748;20.05157273;0.402055264;1.75;15.3;1.361291699;0.878995223;35300;1340;572.93;8.13;1393767.25;119571.4;40.06727;-3.547293;14.7;406;1305;6.17963767591506;0.861398603180699;331;4.78525511291097;0.82474275830334;55;2.05509590692994;0.512833800419499;0.482568773600411;0.663793126191011;0.423324691268857;2.264944815
"024SPAcr ";0.043733466;18.295608;0.365744084;1.77;13;1.430420967;0.262143483;34900;1110;536.22;8.09;1744610.625;173952.4686;40.06759;-3.542605;14.7;406;1432;6.38352746462744;0.87844765801481;308;4.72612283961043;0.824788924907318;102;3.11011609942621;0.672461487880113;0.45094004664556;0.576613197902685;0.466592096412718;1.523057073
"026SPAcr ";0.026182083;16.16784339;0.340182006;1.36;7.2;1.523959934;0.38387872;9700;1000;473.28;7.05;1872921.188;168557.4093;40.99853;-5.121391;11.8;384;1399;6.38219945014479;0.881091739942597;446;4.97188265855628;0.815020115777699;81;2.93240159197931;0.667296739310639;0.412187367141466;0.550730899680556;0.327702333078084;2.429790646
"027SPAcr ";0.037436474;22.33523236;0.387407511;0.76;13.3;1.46904681;0.466987642;8600;750;605.4;8.08;1689110.375;130798.7349;40.98531;-5.125259;11.8;385;1420;6.23945189333728;0.859616643955047;416;5.07559422070533;0.841628107198791;102;3.15664076115275;0.682520933330885;0.436257241261902;0.555737705479922;0.366184994017112;2.429790646
"029SPAcr ";0.072072072;22.42509858;0.459183007;0.87;16.8;1.215447202;1.526549111;51000;1910;1077.94;7.87;1136806.125;95509.1125;41.74506;1.511950509;12.5;703;1438;6.49900165039514;0.893823960758493;363;4.80364309381902;0.814949915858292;136;3.82972026285591;0.779562243213043;0.511886262952696;0.538643219622821;0.373580724518713;4.27559688
"030SPAcr ";0.058823529;22.42588386;0.454460442;0.94;16.8;1.273952559;1.407428195;54100;1830;816.61;7.86;1350030.563;85521.40236;41.74491;1.511196403;12.5;703;1479;6.55130787391946;0.897547452441816;343;4.70320489060558;0.805656399035838;117;3.60583039453198;0.757181582172747;0.409549377723238;0.570992719451396;0.380217668721033;4.27559688
"032SPAcr ";0.045112782;16.52251512;0.392719597;1.36;12.2;1.503666193;1.038433885;17600;1170;471;8.04;1605031.25;119629.9168;41.65816571;2.329518782;15.2;693;1551;6.53727555250642;0.889830189018949;394;4.84973209574373;0.81148717157799;135;3.83290264564285;0.781383881386363;0.406602562112213;0.597215911719168;0.38624745732992;2.403457697
"033SPAcr ";0.03125;19.99231195;0.445704639;1.8;12.7;1.501147726;0.563918594;28200;1870;1206.21;7.98;1784625;104824.1731;41.65832;2.319836689;15.2;693;1379;6.30864267135738;0.872671641089586;332;4.42547025960625;0.762337186525785;82;2.90783634436932;0.659864216712816;0.435718805977512;0.573330992127921;0.414785068015545;3.844992744
"034FRAcr";0.115555556;24.9;0.482178777;0.9;0.31;1.212657331;0.906743954;9200;1080;430.22;7.34;1654798.875;197371.4094;43.529;1.5015;12.9;705;1578;6.51645603438567;0.884917514734745;435;5.06296341559958;0.833362147553644;73;3.13666636242264;0.731079364680599;0.306668780184877;0.486990818421863;0.319368610293543;2.364579257
"035FRAcr";0.143820225;35.9;0.487536758;1.31;0.22;1.292496405;1.096421919;8300;1070;291.96;6.68;1354035.563;134234.0739;43.5346;1.4987;12.5;721;1570;6.61456921713943;0.898861423576049;419;5.00094230537737;0.82826254017399;83;2.90037650523131;0.656365948143477;0.354953193023399;0.472149101319599;0.330975229469321;2.958357384
"037FRAcr";0.095238095;21;0.470305681;0.46;0.64;1.192795321;0.304447646;79800;1250;143.97;7.98;1384018.438;146708.5468;43.647444;3.884251;13.7;752;1551;6.58271915882416;0.896015807549885;355;4.66031878477433;0.793635099269808;108;3.49778663136934;0.747050106393045;0.395257314700235;0.515670531889174;0.388971522845835;NA
"038FRAcr ";0.076759062;20.4;0.449798882;0.46;0.35;1.246109135;0.402899808;77700;1420;74.5;7.91;1441387.625;114130.8307;43.647151;3.88559;13.7;752;1644;6.69007874640611;0.903467970052126;367;4.97414822246035;0.842310488407921;116;3.99589274097611;0.840605222648798;0.382418609563544;0.52893642872226;0.373862337499481;NA
"040FRAcr";0.072805139;27.9;0.451708853;0.61;0.57;1.238631141;0.555714489;50700;1010;443.12;8.03;1208791.844;99276.88058;43.6167;3.974;13.9;754;1511;6.5062556322974;0.88876875473968;325;4.71033962096536;0.814398684689849;108;3.5484350463318;0.757867491149166;0.397438853151583;0.558217342158439;0.431958132236729;1.258791726
"041FRAcr";0.068085106;31.3;0.448552758;0.66;0.56;1.460504425;0.612628277;54100;1120;405.35;8.01;1510776.938;130601.0825;43.615902;3.976568;13.9;754;1419;6.45285345905036;0.889103522226095;349;4.77327333946889;0.815237353681112;127;3.94810017177866;0.815018103412056;0.414580764906176;0.570526645665414;0.408288676713314;NA
"042FRAcr";0.063424947;30;0.424654424;0.71;0.56;1.482286172;0.641955862;54200;1000;505.77;7.97;1636537.625;121064.3487;43.61605;3.975727;13.9;754;1566;6.61845884759337;0.899701881747417;348;4.92059500323088;0.840810792216559;90;2.66342712544816;0.591897729143881;0.374533083167689;0.532601985443515;0.378287049640392;2.338920903
"043FRAcr ";0.087982833;34.5;0.462540865;0.78;0.51;1.378946504;0.642878317;59100;940;348.57;8.05;1676376.938;100697.2702;43.615201;3.975673;13.9;754;1449;6.33171450503882;0.869904834442631;349;4.98583835326808;0.851541777712719;122;4.05591416253153;0.844274853245721;0.409950419388259;0.521110852741755;0.41818962385549;NA
"044FRAcr ";0.063559322;27.2;0.423941046;0.6;0.6;1.236740011;0.474455861;52300;920;349.3;8.09;1523454.188;155315.4235;43.6139;3.97918;13.9;754;1504;6.42280188323964;0.877925663972149;384;5.0696593744284;0.851951588358098;128;3.90228844815339;0.804258884609884;0.39825607463364;0.537413766527598;0.378571316196642;3.402542741
"046FRAcr";0.140077821;40.1;0.589585364;0.66;0.38;1.062637128;1.179986025;19000;1730;416.94;7.87;1507720.375;104494.9838;47.1357;5.53039;10.5;890;1537;6.5278860905968;0.889650157348399;319;4.49433927264743;0.779564665337193;101;3.42075810613319;0.741206669175883;0.332837291315698;0.417313810636576;0.423409288959813;5.135536898
"047FRAcr ";0.119733925;34.4;0.532998979;0.34;0.48;1.161306883;2.367681211;16900;1550;676.28;7.83;1561041;70523.81588;47.135861;5.52108;10.5;890;1639;6.74438548219625;0.911176686294446;377;4.98306130371116;0.839995844112239;135;3.81832896490677;0.77841285909009;0.334311431913824;0.455673091993397;0.356409109018609;NA
"048FRAcr ";0.098684211;36.3;0.496982396;0.91;0.37;1.196614982;1.185554208;12300;1300;570.8;6.5;1603707.563;99416.75222;47.131621;5.53161;10.5;890;1651;6.67519256673988;0.900940698995696;451;5.18464293431344;0.848346664769274;103;3.44682083094617;0.743694149042959;0.30824027600818;0.4796343152847;0.314587682404643;4.99717858
"049FRAcr ";0.093167702;31.9;0.476266414;0.9;0.32;1.219214485;1.086052079;10800;1170;442.34;6.9;1177312.656;58337.48234;47.133361;5.45433;10.7;843;1595;6.67277304472519;0.904828301322637;372;4.93645025834244;0.834015675881494;116;3.81235917331359;0.801995759004687;0.298482683443692;0.464903657418298;0.349298631853315;2.087741402
"050FRAcr ";0.162895928;26.4;0.598240077;0.46;0.53;1.061725596;1.003955634;90200;3170;873.08;7.9;1483370.5;60320.25345;47.133872;5.33897;10.9;813;1679;6.79083606251397;0.914473261766419;321;4.77820063378966;0.827904249883139;116;3.83389710449063;0.806526635733888;0.351338952199958;0.494975432586307;0.415904457395598;2.290448809
"051FRAcr";0.096969697;30.4;0.496604383;0.78;0.41;1.204041579;0.656986368;13100;1410;750.85;7.1;1425372.094;96806.14911;47.143577;5.35308;10.9;813;1700;6.75123288853165;0.907620971849973;403;5.22479229650929;0.870953083526828;122;3.79883819694155;0.79076218891803;0.295851773686645;0.439303290975026;0.338379589184689;4.247905219
"054FRAcr";0.088552916;32;0.455753773;0.96;0.49;1.255891656;0.491927684;10400;1000;786.49;6.81;1614128.375;109294.4594;47.243276;5.100211;10.7;765;1553;6.58418934273713;0.896058748026154;365;4.81690887949694;0.816439437979723;107;3.16263388128824;0.676813551988883;0.343342479690235;0.536480781713344;0.385924368933581;NA
"055FRAcr";0.10840708;43.4;0.4979451;0.84;0.44;1.107312595;2.425779154;18300;1780;698.21;7.52;1679989.75;157281.8619;47.240649;5.09639;10.7;765;1460;6.46071785929801;0.88670709092945;394;5.02706104782521;0.841158948682911;126;3.81207736573663;0.788224805559268;0.336920140117098;0.450963483318818;0.32151415883986;NA
"056FRAcr";0.110882957;42.8;0.507645488;1.21;0.51;1.087124147;2.208515457;18600;1890;1739.87;7.2;1389029.438;80810.19707;47.235864;5.103856;10.7;765;1535;6.58200551615955;0.897185009033638;348;4.86648737261108;0.831565105518807;108;3.37295166839489;0.720388110622556;0.329584427144546;0.445782972665818;0.376323674451856;NA
"057FRAcr";0.138636364;45.1;0.535704017;0.84;0.62;1.082481098;2.971432235;23000;2160;968.72;7.91;1608061.188;87635.83337;47.232725;5.111105;10.7;765;1475;6.53948645854;0.896260425177216;339;4.79760824913029;0.823482348215651;74;2.5213754395641;0.585812571363101;0.343512189622538;0.52392915261249;0.38251749521379;NA
"060FRAcr";0.134529148;51.6;0.570086896;1.23;0.66;0.962548085;3.647579364;33400;3320;1213.3;7.33;1783793.563;152526.604;47.38979;4.774691;8.9;897;1492;6.5590842099944;0.897536726044229;427;5.15170673953959;0.850568012378804;107;3.45238321597258;0.738820816741972;0.325536580689634;0.475670616149252;0.325353053953621;5.833952238
"061FRAcr";0.118568233;50.4;0.541101873;1.3;0.72;1.223072987;3.41831198;33100;3290;1162.98;7.41;1401389.688;122327.6847;47.389958;4.774793;8.9;897;1509;6.5584387425055;0.896059205829044;433;4.99160072193297;0.822239560590506;105;3.35195829608869;0.720237828406774;0.350284596154063;0.448339677781552;0.311057733225136;5.611687326
"062FRAcr";0.125279642;48.2;0.561161399;0.98;0.53;1.118562129;3.542787042;34500;3320;1122.36;7.69;1973352.25;101297.2777;47.390044;4.774831;8.9;897;1501;6.59633293134482;0.901891577377827;436;5.04096452060886;0.829427649533889;111;3.43799785576512;0.730008665154563;0.345086645769351;0.453335723882517;0.322464183363182;6.071149918
"063FRAcr";0.117256637;51;0.53440547;1.04;0.67;1.096041198;3.143440318;32600;3180;1047.46;7.53;1516609.063;111882.2562;47.39015;4.774936;8.9;897;1458;6.48645451842112;0.890406860548891;400;5.0029044910274;0.835005273200232;103;3.44877365061777;0.744115493996797;0.339019276828317;0.455900343318279;0.347036937847238;5.910516551
"064FRAcr";0.116740088;50.3;0.545384347;1.32;0.57;1.167893178;3.118191375;32000;3170;1107.34;7.55;1765988.063;102794.0152;47.390289;4.775035;8.9;897;1512;6.56059307918677;0.896110382671056;436;5.09701746046111;0.838650459565787;116;3.75218841955173;0.789337799159004;0.337920081744098;0.443833574140332;0.322607650141588;6.09264089
"065FRAcr";0.164079823;54.9;0.528301597;0.95;0.54;1.076550197;3.376498036;32700;3140;1081.97;7.73;2352345.438;104038.8597;47.390386;4.775062;8.9;897;1497;6.54003365664573;0.894520353896512;419;5.06329482913675;0.838589445897271;114;3.66917775204366;0.774709462034358;0.34092369625989;0.439176591253734;0.349074214278193;6.294123804
"066FRAcr";0.118834081;46.2;0.547607422;1.45;0.5;1.010184528;3.386140238;35400;3530;1080.58;7.5;1942883.375;122926.6289;47.390526;4.775187;8.9;897;1405;6.45853740668375;0.891104061522193;409;4.83524652431596;0.804036506361185;120;3.88073314947024;0.810598400576064;0.348425205217901;0.458061637115073;0.339817647806791;6.513168986
"067FRAcr";0.115044248;44.2;0.561788082;1.32;0.69;1.093422178;3.738283533;36000;3480;1084.13;7.49;2085026.938;108553.5399;47.390616;4.77522;8.9;897;1472;6.54055140776589;0.896656580734256;445;5.11538322751453;0.838852232822814;118;3.68579427397434;0.77259231412455;0.338269494933575;0.453994755482867;0.319547176246131;7.024063536
"069FRAcr";0.160550459;21.4;0.497016758;0.74;0.42;1.191540614;0.45032605;10400;1120;500.54;6.55;1917581.375;272255.7798;48.326813;2.382192;10.9;645;1561;6.58539997098292;0.895597253256401;452;5.05192651166911;0.82633122937505;70;2.17065282215652;0.510922738166808;0.351705420375993;0.48836775887397;0.298155487085319;1.72160901
"070FRAcr";0.16744186;19.8;0.492599726;0.62;0.67;1.400498491;2.921940974;13500;1360;580.1;5.9;929830.1094;145620.8531;48.327091;2.380599;10.9;645;1255;6.28926751388479;0.881480550260204;416;5.1226774626427;0.84943538612406;97;3.24848476340037;0.710096174089475;0.497338516237814;0.514533726915037;0.356593036768872;1.904445943
"073SWIcr";0.301337154;25.6;0.819446743;5.15;19.6;1.157356048;3.113516587;32100;3190;1050.02;7.54;1466103.313;42224.89118;47.27856667;8.637666667;9.1;1128;1520;6.64303242249536;0.906717204806927;403;4.82588480171272;0.804456715265997;113;2.89141277502293;0.611630119191385;0.373446535243676;0.521453686194149;0.360346846619975;2.174879672
"075SWIor";0.20831881;21.1;0.684828877;1.83;11.9;0.894944709;2.889852341;20900;2190;858.32;6.54;1341996.313;75901.35942;47.52235;9.082366667;8.7;1064;1732;6.79786128310244;0.911604134440903;445;5.16618779590239;0.847183480695022;114;3.08461784419198;0.651285599157615;0.334485479877563;0.480996374743555;0.292785577938368;3.159609883
"076SWIcr";0.338231435;36.7;0.794807374;4.22;23.3;0.915180712;2.763470135;33500;3310;1427.18;7.25;1373898.375;46444.97659;47.32073333;8.63385;8;1200;1600;6.66969092102651;0.904026683982353;415;4.96860703434958;0.82421656824168;103;3.24816431120736;0.700831552277685;0.341797193819085;0.501942640507879;0.318008107369497;1.184487484
"078SWIor";0.193648087;21.3;0.649249315;2.64;12.2;1.08927155;3.301147947;24200;2550;763.79;6.56;1592014.625;56538.13366;47.52306667;9.0824;8.7;1064;1784;6.85740531795777;0.915955590483371;441;5.20083538593754;0.854129915663642;147;3.6169072317096;0.724768277862716;0.311642865766975;0.47022308742839;0.321605787568272;3.21900725
"079SWIcr";0.183800623;25.8;0.651332796;1.3;16.8;0.977523294;1.750358903;30100;2370;1000.32;7.75;1774386.5;94988.4511;47.4419;8.4938;9;1092;1551;6.62354027885368;0.901572230047313;444;5.02262542384565;0.823945205838016;120;3.21766901280704;0.672099125321359;0.353310074101199;0.49283988376222;0.325687022761105;1.605394088
"081SWIor";0.269303998;29.7;0.844603896;4.24;20.8;0.914687671;3.653620732;35500;3580;675.11;7.18;1465545.5;59154.54283;47.32463333;8.639233333;8;1200;1656;6.69739062048431;0.903567963702692;421;4.92101746181137;0.814383001128418;98;2.8452378288277;0.620557908439666;0.30551925182022;0.498618998569865;0.327963802960679;NA
"082SWIcr";0.234260067;28.3;0.753041267;3.9;19.6;1.038383437;2.344913315;30600;3090;1713.92;7.05;1724183.938;72301.03365;47.45756667;8.460366667;9;1092;1616;6.70136522794776;0.907096504623853;427;4.91578196421768;0.811615859750178;113;2.98616279473996;0.631672904626078;0.304182985938977;0.422331893360892;0.314106681809765;5.077354406
"084SWIor";0.351948052;45.2;0.991698563;4.51;35.3;0.955364682;3.79843237;51100;4790;1154.24;6.96;1635474.813;49854.82797;47.30628333;8.729283333;9.2;1102;1658;6.7220267486952;0.906744053586654;345;4.85734972989061;0.831233474624335;151;3.88821111671186;0.774963973143698;0.313737108533499;0.500135116516881;0.38658154294735;3.365252756
"085SWIcr";0.213592233;16.1;0.724963725;3.08;13.8;1.007205183;2.6104868;27700;2840;897.66;7.1;1568309.75;62768.57882;47.52735;9.051166667;8.7;1064;1704;6.75361735503748;0.907654758337956;440;5.14611627287562;0.845458638402105;140;3.77258230752604;0.763426809326692;0.329697219749957;0.51822678201907;0.331505198650193;1.378683869
"087SWIor";0.152671756;31.4;0.639592528;3.07;15;1.092624035;2.80497015;23800;2410;1033.33;6.78;1717066.625;85038.13677;47.47786667;8.660983333;8.4;1119;1712;6.73070381234438;0.904006224108413;462;5.1598956939452;0.840981357958628;166;3.97888712637718;0.778344411432241;0.30972400261269;0.415905426639019;0.307673075787513;5.000462673
"088SWIcr";0.219798264;25.9;0.642225683;1.12;9;0.951069636;1.931337905;17600;1920;967.85;6.24;1420605.938;109101.7546;47.5452;9.0667;9.3;1002;1673;6.72613727900696;0.90619760604518;479;5.04318376847329;0.817146536659433;114;3.4636798633491;0.731320678617942;0.362653835979407;0.464893087098187;0.299027963738228;4.191236951
"090SWIor";0.152542373;25.4;0.624055266;2.91;18.3;0.90488439;2.299475839;25500;2430;1151.03;7.36;1969069.063;88202.17238;47.46021667;8.686316667;8.7;1094;1659;6.69532046546364;0.903068154228017;460;4.91695198418874;0.801952430337187;100;3.27454450194891;0.711058303971521;0.284026460319274;0.438413097674181;0.297652198410568;4.630686198
"091SWIcr";0.281168205;39.7;0.862805784;5.62;28.4;0.835462414;3.643724538;37700;3780;1390.46;7.05;1487997.875;49184.62723;47.31295;8.7141;9.2;1102;1663;6.70061735714684;0.903489132323249;378;4.73845339743508;0.798405707204086;154;3.67848698922886;0.730300099998198;0.322363853699027;0.468329866091406;0.356297466738591;1.187494075
"093SWIor";0.294117647;27.1;0.83613348;0.55;19.7;0.942556645;2.957681111;29000;3080;1348.76;7.17;1184542.875;37995.07961;47.18103333;8.287566667;9;1119;1684;6.75304061712364;0.909019625585841;363;4.89854307444111;0.831049931973653;131;3.38574093113842;0.694482849960886;0.340521893007798;0.51752290412113;0.396318148137846;4.573807352
"094SWIcr";0.136363636;27.4;0.578376651;1.92;16.8;0.794827075;1.391502931;32300;2400;1121.33;7.79;1841123.625;165590.9286;47.545917;8.684194;9.1;1034;1629;6.75974775818454;0.91400787048585;450;4.74255125841962;0.776290565109765;71;2.64028325708374;0.619395153575628;0.350625076850812;0.545215299677472;0.344149701440148;3.765917413
"096SWIor";0.309278351;37.3;0.862880826;0.95;23.1;0.91766798;3.146000018;36600;4000;1139.35;7.2;1478396.563;49120.58509;47.18683333;8.295733333;8.4;1170;1564;6.63022919487743;0.901458526591532;378;4.77465467018971;0.804505440672182;150;3.64197191549546;0.726848333940126;0.35544023794828;0.533162537404111;0.359090608795152;2.494915482
"097SWIcr";0.2;30.6;0.718545496;4.21;21.1;0.760665135;3.208904912;45100;3030;1251.49;7.61;1466096.344;61699.26032;47.514944;8.695778;9.2;1043;1468;6.59997689562816;0.905140986669665;405;4.83424461605059;0.805185800801608;121;3.61232990959154;0.753229290405146;0.364554613990241;0.498827969187314;0.358025797022785;2.855836553
"099SWIor";0.20212766;24.6;0.682604492;0.88;18.3;1.000897407;3.69969877;25000;2610;779.67;6.61;1491967.188;69427.69182;47.37053333;8.069066667;9.1;1028;1720;6.74210671162153;0.904971101106742;454;5.04744230852842;0.825001981031669;146;3.72591432143197;0.747634114057493;0.29267644148848;0.44368825256773;0.298348566106011;NA
"100SWIcr";0.158415842;8.6;0.534215868;0.25;10.2;1.165832143;2.66017882;25600;1240;802.84;7.82;1771599.313;70741.4671;47.16695;8.31425;8.4;1170;1622;6.70225487593196;0.90676205613367;380;4.77551718338819;0.803935943968136;122;3.62661287842516;0.754911946607954;0.358510800486021;0.506641081174292;0.36723898231879;0.99532477
"102SWIor";0.132653061;21.2;0.556984901;0.6;8.9;1.121076809;2.225509157;19700;2000;932.88;6.57;1621511.688;87850.44648;47.39183333;8.197383333;9.2;1037;1700;6.72918781161011;0.904657279962819;492;5.22985618237417;0.84373221585146;132;3.36222024843365;0.6885841985277;0.318630926053826;0.456121529351635;0.290903238520487;2.795333388
"103SWIcr";0.308641975;24.5;0.928315103;1.41;18.2;1.00870649;3.9863343;38500;4120;1502.26;6.7;1218304.313;42163.93231;47.17618333;8.3226;8.4;1170;1433;6.44886828594717;0.887354072577955;384;4.92991229458177;0.828467220306809;110;2.7888501320973;0.593311728816711;0.37831591267169;0.548392857526561;0.359158340937662;NA
"105SWIor";0.182795699;30.8;0.627020478;1.39;16.1;1.231962767;2.284156315;21600;2170;731.58;7.24;1764206.125;73215.38673;47.45466667;8.505983333;9.1;1090;1662;6.63732048917501;0.895026982496763;468;4.93201870210698;0.802154043045428;109;2.98681189287703;0.636663911493559;0.309213085191431;0.443848435824201;0.298635896322188;4.850350329
"106SWIcr";0.157303371;18.4;0.557159305;0.75;10.6;0.981391338;0.830667182;20300;2020;903.36;6.94;1523218.25;93809.70785;47.39145;8.197683333;9.2;1037;1632;6.58457600560566;0.890100876347655;459;5.03420889781746;0.821368519636867;85;3.1331498311715;0.705243254598085;0.297914800077832;0.453136085841292;0.31090916624987;NA
"108SWIor";0.139784946;19.5;0.557401001;0.38;11.4;1.168537237;2.638730371;17200;1620;473.79;7.18;1629441.75;78863.66807;47.41341667;8.11485;9.4;999;1784;6.71096690309081;0.896395555960158;453;5.14744111259378;0.841650082601356;158;3.92456208841893;0.775207588759553;0.301582509954667;0.458638405129968;0.295722735828762;2.7513179
"109SWIcr";0.134831461;14.7;0.541957021;0.65;10.9;0.992806916;1.51445372;19600;1950;1144.18;7.18;1183380.359;106975.0313;47.39468333;8.228516667;9.1;1055;1642;6.66162512215905;0.899773336900976;498;5.12320079398644;0.82491236441694;132;3.36668962492704;0.689499528816386;0.412720662369118;0.449867362336951;0.301342491134672;3.228757828
"111SWIor";0.210526316;17.4;0.565721571;0.48;8;1.111546426;1.615811681;15400;1710;912.68;6.72;1222648.938;94766.61344;47.42441667;8.256333333;9.3;1035;1743;6.76710547393526;0.906709941974121;486;5.09746838830321;0.824005250745841;112;3.08313023845943;0.653413367801272;0.312316079209943;0.429397555842366;0.299013225022232;3.55620363
"112SWIcr";0.096774194;12.9;0.482346475;0.78;8.8;1.07680404;1.241045827;15800;1640;926.05;7.04;1418303.438;95415.94983;47.3903;8.235866667;9.1;1055;1734;6.74275771840686;0.90407474098384;448;5.21425709883956;0.854125094876777;103;2.93453281732873;0.633161685350162;0.313252776217668;0.479907477230986;0.325017976757307;2.191518751
"114SWIor";0.168539326;19.1;0.558401108;0.75;7.3;1.207516585;2.401257444;16100;1650;897.66;6.6;1365486.125;77185.48906;47.41716667;8.176333333;9.2;1034;1722;6.70222261851884;0.899477282024294;505;5.21773482142135;0.838249794054674;96;3.36221191274985;0.736624764744034;0.320755995032018;0.507790610797976;0.291472971806864;3.358159612
"115SWIcr";0.245454545;18.8;0.533764005;0.89;8.8;0.958526279;1.214206836;18200;1870;950.97;6.85;1121402.578;99689.18359;47.44865;8.26865;9.3;1035;1470;6.48938532763227;0.889807979710595;387;4.71118937266841;0.790677001956507;167;4.39905112051778;0.859526463249183;0.493121853976303;0.634575406285533;0.409716442880686;5.821268607
"117SWIor";0.291666667;38.1;0.898443341;1.28;30.6;0.712585817;2.330712291;58500;4710;1690.23;7.86;1448467.563;79021.62512;47.42788333;8.212366667;9.4;1025;1488;6.52659464051837;0.893419094495873;434;4.82169141627359;0.793949622664478;117;3.55116753697303;0.745703030925484;0.354877503699247;0.420850071801503;0.34382067317905;3.692966626
"118SWIcr";0.252747253;15.3;0.643115699;0.45;7.2;0.971742375;2.090037425;18300;2000;1012.14;6.31;1068441.542;83110.18844;47.45225;8.271816667;9.3;1035;1678;6.69647136310614;0.901838196217525;458;5.27441840391431;0.860866822094045;143;3.96348044896609;0.798630774132963;0.340823442280822;0.488656527157902;0.329229598706377;5.821268607
"120SWIor";0.248120301;21.7;0.64949882;1.52;17.3;1.071911286;2.569609829;48100;2550;997.07;7.87;1564511.313;93568.88016;47.39946667;8.578533333;8.8;1112;1530;6.66327970821303;0.908667502493924;431;4.98944202961239;0.822511230512389;121;3.4006912531737;0.709099202903272;0.352441910151694;0.46943390310805;0.302391884466684;NA
"121SWIcr";0.25;21.4;0.683245957;0.92;13.6;1.121102289;1.685683306;19600;2170;1011.41;7.3;2257677.375;123330.402;47.4221;8.144833333;9.3;1012;1724;6.78778496475722;0.910818358131304;488;5.03348413942624;0.813122403208552;127;3.18828823740935;0.658167857786061;0.312158925518924;0.48167774402362;0.298156304156698;NA
"123SWIor";0.24137931;16.4;0.611763656;1.3;8.4;1.064303236;2.676729837;17800;1880;940.08;6.76;1775022.625;117468.3573;47.3921;8.5922;9;1099;1681;6.72082884955822;0.904900824440277;455;5.03430086388492;0.822558205798407;103;2.78531083827817;0.600965201061756;0.323595981831235;0.498111908032348;0.323768595141474;3.153308604
"124SWIcr";0.1953125;15.9;0.568080902;0.75;7.4;1.298985428;1.313124065;13700;1520;575.83;6.46;1842808.563;112841.558;47.43316667;8.4015;9.1;1071;1602;6.60990313077897;0.895771222426268;403;5.00339134717087;0.834046383972303;119;3.58311629704987;0.749743400063726;0.406038675536533;0.447209634382079;0.326199015782057;3.431545799
"126SWIor";0.222222222;16.1;0.678265154;0.47;7.4;0.887232531;2.999592118;21400;2330;887.53;6.12;1547833.75;74621.17077;47.32871667;8.750616667;8.9;1122;1622;6.59894935087957;0.892785635952627;513;5.19466884556474;0.832442182757802;161;4.09700979368165;0.806275096293025;0.378956691352452;0.504350244832203;0.30496265927729;3.083446788
"127SWIcr";0.183673469;29.1;0.55380547;0.81;9.2;1.125480788;1.316017361;14500;1720;864.96;6.24;1989711.563;178800.0013;46.3987;6.233016;9.9;966;1747;6.77697738297284;0.907753854343317;398;4.88210257387129;0.81552521753481;138;3.65050045390502;0.740879339113741;0.355555848579647;0.503683347861582;0.38250805503442;2.681574719
"129SWIcr";0.204918033;22.4;0.571679831;0.47;12.5;1.161799775;1.723009338;17700;1960;886.36;7.4;1329587.813;54470.2057;46.3987;6.233016;9.9;966;1676;6.73325887001334;0.906938169494562;358;4.78508157500804;0.813715625109833;126;3.37463686536921;0.697775053294276;0.311597424155924;0.427495308581733;0.358462146699924;5.139547814
"130GERor";0.235294118;35.4;0.730336726;2.49;28.2;0.998968468;3.608388572;69700;3780;566.15;7.91;1858273.188;73148.0237;48.14403333;10.69398333;8;906;1591;6.6389375911893;0.900546839547304;355;4.87546338607716;0.830273431301981;131;3.41406674494204;0.700293038128823;0.342994777893492;0.496727122384454;0.35556822792423;2.298617209
"131GERor";0.231481481;22.5;0.761678934;1.24;12.2;1.140964598;3.64882915;27300;2870;918.23;6.25;1531680.875;85193.20548;48.32361667;10.6249;8.3;840;1746;6.74743988557884;0.903866725103863;478;5.26828539575594;0.853908880832821;108;3.3419954721257;0.713776549611653;0.335146354351251;0.454383993193969;0.293357438506445;3.218239883
"132GERor";0.351948052;37.8;0.802313089;2.66;24.8;0.882552357;1.945584161;72600;3310;544.19;8.06;1330276.438;54464.94468;48.18803333;10.72518333;8.1;892;1563;6.56342246630647;0.892452964841933;374;4.62231419724819;0.780235417799728;95;3.32907920356484;0.731042863654309;0.366493505302068;0.466991732147683;0.359064363337715;3.462218832
"133GERor";0.269303998;18.7;0.505428433;0.62;4.9;1.148406047;0.914430809;12400;1270;768.05;6.12;1066906.203;50242.10113;48.02288333;10.76066667;7.8;956;1605;6.62047442089577;0.896976415545573;447;5.13933451901232;0.842160618260768;104;3.50799267642118;0.75531813591955;0.4236871492113;0.538263212594933;0.356228947742045;3.195802223
"134GERor";0.113333333;23;0.538772404;1.81;12.8;1.150690875;2.129180739;16800;1760;847.25;7.18;1448792.313;79961.70587;48.62366667;12.82723333;8;902;1721;6.82553279695287;0.916097643369225;487;5.13239000918209;0.82937474986531;128;3.72777452240016;0.768291688145561;0.286957549789027;0.422527485071055;0.294660387544526;3.473232516
"135GERor";0.126865672;33.1;0.559309483;1.84;15;1.200461172;1.92213738;13500;1430;457.08;7.43;1367566.719;93989.87919;48.65931667;12.77893333;8.1;871;1655;6.7248342110805;0.907344415927863;313;4.48988976495537;0.781366341577857;120;3.53718209390369;0.738838265201521;0.280166477322983;0.408366738495407;0.381730944694778;2.51054944
"136GERor";0.126865672;20.6;0.48780039;0.81;11;1.270759274;0.704911425;13700;1420;809.63;6.98;1524681.5;100351.5549;48.6476;12.9002;8.3;878;1844;6.81321808053826;0.906050103433548;454;5.21410851891657;0.852243491748679;169;3.87713293915478;0.755791323496514;0.282038468803957;0.418976596914661;0.315726565418936;NA
"137GERor";0.083333333;19.7;0.445487916;0.96;7.9;1.333792271;1.043098684;12500;1280;659.78;6.96;1913994.125;171372.0726;48.75203333;12.8242;8.4;812;1759;6.83991452414815;0.915344776508065;491;5.2370180889143;0.845165062559564;130;3.42656906165398;0.703964008171173;0.311754417787019;0.415204988446014;0.303210609991759;3.160056457
"138GERcr";0.125;26.2;0.521351039;2.66;15.4;1.219799135;0.862913328;24900;1640;735.69;7.79;1672258.875;118504.8228;48.1639;10.76105;8.1;912;1622;6.75104779438668;0.913363351948552;421;4.8786421694543;0.807370281090082;56;1.18198252755872;0.293634598507056;0.321957415180541;0.537821355889089;0.306299813135989;3.544976553
"139GERcr";0.129533679;24.6;0.553344667;2.01;14.1;1.252769036;1.366867652;19800;1890;893.98;7.68;1738515.625;76802.86566;48.1594;10.7612;8.1;912;1588;6.68755705220612;0.907374189115799;423;5.01444607684341;0.829194223272402;93;2.72277324508491;0.600708985913671;0.319272835581521;0.439511012855179;0.320587008657411;2.678400247
"140GERcr";0.106796117;23.7;0.513345242;3.17;11.4;1.149627084;1.177494719;19700;2000;615.52;7.33;1723969.313;83657.0612;48.15971667;10.7292;8.1;908;1669;6.73892318875552;0.90821312969669;492;5.30309035498656;0.855547078168812;134;3.77913752743923;0.771592718789437;0.323087862461633;0.432627848115405;0.28279212555159;4.027693502
"141GERcr";0.097560976;23.6;0.472188085;1.05;12.5;1.245780861;0.62510445;13800;1430;559.7;7.49;2022751.688;158784.961;48.20721667;10.77866667;8.1;900;1652;6.69397383904193;0.903401748741765;430;5.01070256551687;0.826332462821741;67;2.31993477923106;0.551748959848364;0.299543296629444;0.493455915408409;0.319386975037748;4.210918887
"142GERcr";0.132743363;23.5;0.561240017;2.06;12.6;1.250801244;0.948611614;17400;1740;684.91;7.48;1538570.125;61308.2028;48.61168333;12.60896667;7.8;879;1668;6.75281280491645;0.910158567746632;437;5.02346207602053;0.826236393530233;121;3.42086013604625;0.71330474163162;0.32437305959055;0.439631701808124;0.301564918018646;3.753229416
"143GERcr";0.112299465;24.2;0.517775476;1.45;11.5;1.254909988;0.672984071;15200;1650;964.27;7.13;1564324.375;114521.7509;48.64461667;12.84023333;8.3;874;1710;6.71990208910852;0.902697156624779;410;4.75329142551959;0.790087642218095;131;3.63936432956823;0.746506056739165;0.288271113288508;0.408639980731779;0.33387212196937;2.174890684
"144GERcr";0.225806452;32.9;0.733171761;4.47;24.1;0.991426433;2.713680104;34900;3780;1346.22;7.02;1455245.531;135964.9247;48.64271667;12.83461667;8.3;874;1769;6.73682738953432;0.900865808754724;474;5.1348996239223;0.833424255314554;110;3.03784010018125;0.646282903825963;0.290455586942234;0.461054763948968;0.295679704193506;2.581604862
"145GERcr";0.12195122;30.8;0.524954677;1.23;14.4;1.311309407;0.747709446;31400;1400;573.14;8.03;1560860.5;63799.57102;48.64233333;12.79008333;8.1;871;1614;6.77142843886425;0.916733928481817;416;5.00693731497023;0.830243512783375;105;3.403429613691;0.731297509566407;0.353448501836487;0.438832034419908;0.309612291302523;2.194149361
"159GERcr";0.110350982;11.2;0.446579695;1.49;9.5;1.515512484;1.160623479;11800;1010;616.3;7.56;1423995.125;102885.0161;54.31162;9.98116;8;774;1593;6.69565986181334;0.908086254730641;393;4.87710369990419;0.816414317961181;88;2.8641377386137;0.639696734306884;0.325259762347464;0.460963892159817;0.329316865063886;3.239933712
"160GERcr";0.108910891;20.8;0.455412745;1.16;7.4;1.547311508;0.711531176;13200;1140;597.18;6.9;1500725.188;159630.9743;54.312154;9.979049;8;774;1763;6.81939864793853;0.912321938586615;486;5.21958733625197;0.84374576636262;92;3.14186111612965;0.69482707176461;0.304123032710657;0.499519052138286;0.292991109523432;3.573262259
"161GERcr";0.130997475;18.1;0.454376608;1.32;7.8;1.512768523;0.9109572;13900;1200;703.5;7.23;1828638;93836.63605;54.31663;9.998858;8;774;1670;6.69333890962022;0.901996865061254;459;5.03500750044569;0.821498817578777;115;3.28019175286149;0.69130425138304;0.330012336048561;0.426139871082624;0.29648914831832;3.228236823
"162GERcr";0.097360302;14.5;0.443774581;1.15;7.6;1.373717292;1.157912886;13500;1160;751.91;7.12;1380580.328;89007.36169;54.313605;9.997345;8;774;1642;6.70961625999489;0.906255410785409;446;5.11018116700665;0.837690817021045;92;2.79276104618431;0.617623092852982;0.302256168415992;0.460954400310936;0.32450648335534;3.282470272
"163GERcr";0.144741802;20.6;0.478255898;1.27;8.4;1.494618297;1.159980225;14100;1260;568.52;7.19;1428805.563;81751.73545;54.318436;9.990228;8;774;1610;6.71646668809105;0.909598629076293;363;5.00986966476735;0.849936762999025;110;3.25366538553606;0.692198484481395;0.308171079986459;0.439283333403961;0.364742348107628;3.228236823
"164GERcr";0.133707494;17.1;0.462140232;1;8.9;1.406028608;0.885319309;12600;1100;610.08;7.43;1348321.188;78729.79128;54.315818;9.986797;8;774;1631;6.71559129479001;0.907886705121951;409;4.92690486884399;0.819278057074794;102;3.26753892569981;0.706499055802985;0.340908030510123;0.474047050251449;0.33159512791053;3.381001749
"165GERcr";0.089188322;18.8;0.421582758;1.08;7.3;1.465546707;0.758247082;10700;990;621.16;7.01;1839775.375;79346.82785;54.312005;9.976471;8;774;1622;6.71401528722881;0.908353146733164;500;5.311851623432;0.854736379077646;116;3.14298241597633;0.661180768560284;0.309484084596454;0.426780535745007;0.27302297712578;3.608630721
"166GERcr";0.100719424;17.7;0.412527293;1.31;7.6;1.512599853;0.749500298;11300;1060;660.73;7.05;1750903.563;93417.04967;54.312008;9.976011;8;774;1646;6.71240747771481;0.906334563830198;493;5.18174649899295;0.835696932872124;104;3.02720970020277;0.651799076766432;0.30898885863095;0.444315238874995;0.28771528045178;3.608630721
"167GERcr";0.099727706;15;0.42374751;0.99;6.2;1.544594309;1.063773351;12100;1140;652.18;7.13;1242381.125;73201.12123;54.312146;9.975575;8;774;1649;6.74104767413691;0.909977934521844;409;5.09291502431391;0.846883314584057;103;3.26677545520058;0.704847136369115;0.332796188770683;0.446041581290023;0.325786157252898;3.608630721
"168GERcr";0.107541899;19.3;0.431962043;0.98;6.1;1.485831229;1.055488525;14200;1150;587.01;6.89;1461986.25;77082.69488;54.3127;9.998685;8;774;1849;6.89409301594573;0.916475168016215;479;5.25836872530873;0.852012932629083;139;3.7996386704075;0.770018997343615;0.302834039663957;0.399087644418089;0.307973431764575;3.452269291
"174GERcr";0.078351712;12.2;0.392047673;1.5;5;1.544819663;1.133880093;11700;1040;347.37;7.16;1605237;125342.993;53.350577;13.743945;8.4;563;1690;6.73787000596664;0.906543516285824;460;5.12179522768615;0.835362261771203;131;3.43584294849198;0.704759770879579;0.296488712407773;0.448112343365464;0.337276369167734;2.075900254
"175GERcr";0.066046733;13.1;0.39874047;0.71;4.6;1.477813487;1.273841827;12400;1050;459.26;6.93;2013575.438;183830.4903;53.364539;13.721519;8.4;563;1648;6.67342813318207;0.900923707342797;514;5.32755481214296;0.853470724385327;116;3.32939893646804;0.700396711247241;0.310468419446754;0.453321141672341;0.294686810386958;2.263520304
"176GERcr";0.084009994;18.1;0.39413771;1.31;5.9;1.562154328;0.791950995;10400;840;575.59;7.41;1375339.438;161001.0396;53.336125;13.645535;8.2;574;1667;6.73363763263299;0.907647461092858;477;5.16218345617176;0.836995484940848;121;3.56466085409912;0.743289520300676;0.293198213523984;0.403120573176022;0.292307330621963;2.221483137
"177GERcr";0.073946958;13.4;0.413455784;0.59;8.8;1.484955582;1.668010325;13300;1030;469.65;7.92;1895018.938;110973.9061;53.323387;13.778924;8.5;561;1705;6.74790977792879;0.906816186446295;468;5.2106563936181;0.847472271602633;75;2.43801790955396;0.564684336225553;0.333048378832654;0.47092306452414;0.302773771164442;2.415689647
"178GERcr";0.08542024;12.6;0.431184918;0.5;8;1.474578044;1.359249991;18100;1040;527.21;7.94;2528671.625;131980.9978;53.343158;13.79236;8.6;552;1589;6.68071326471935;0.906368200423799;466;5.13841990872089;0.836306097293253;119;3.58594627688755;0.750335554638045;0.34189701914015;0.453563423874726;0.321932494700012;2.075900254
"179GERcr";0.055125149;10.8;0.351027548;0.78;4.7;1.483833414;0.586519677;9500;760;421.92;7.39;1468717.688;104501.0793;53.372768;13.800448;8.6;552;1723;6.76821508368279;0.908263089061065;413;5.13104134323293;0.851844606273164;111;3.51856190050047;0.747115264176457;0.313601279985611;0.417794752754593;0.333444140470547;NA
"180GERcr";0.081261371;15.9;0.434879392;1.12;9;1.312134238;0.57964769;15200;1320;579.73;7.42;1866357.625;134586.2297;53.32177;13.793753;8.6;551;1628;6.69498992313542;0.905326917963147;439;5.21066021189603;0.856382728988136;111;3.3745114557341;0.716528254727781;0.317994477998535;0.444136448147676;0.305648968251875;NA
"181GERcr";0.052336449;16.9;0.349674791;0.75;3.4;1.124741664;0.785694001;8700;640;423.92;6.86;1663026.063;162251.5073;53.373274;13.801252;8.6;552;1695;6.67243579577336;0.897383016036462;516;5.33661676932091;0.854390898153254;127;3.71618115019989;0.767142367516746;0.341707146748449;0.450629358473479;0.306794743563274;NA
"182GERcr";0.070655633;17.5;0.335962087;0.6;3;1.455789912;0.805978888;8200;630;382.92;6.91;1558738.25;134375.4306;53.372947;13.80056;8.6;552;1728;6.74888574721985;0.905317140423985;514;5.41677848304051;0.867764296899997;106;3.09616252794203;0.663922582767546;0.313679735686219;0.468281217807647;0.299354260878406;NA
"183GERcr";0.05193339;18.1;0.324827254;0.71;3.1;1.509385669;0.458371915;7400;510;401.79;6.75;1608343.25;137046.5086;53.373097;13.800563;8.6;552;1715;6.74734495188042;0.906028254777202;479;5.27309280291406;0.854398673377995;127;3.68327324139545;0.760349089673198;0.345628761205803;0.440217557487732;0.326730383226749;NA
"184SWEcr";0.183610857;43.9;0.589460075;1.15;0.64;1.162139317;0.982236564;22600;2300;1005.46;5.58;1403865.25;153005.5415;59.832631;17.698857;5.8;551;1424;6.44441818260918;0.887511143227634;442;5.01124640024249;0.822687812187482;117;3.52012207167752;0.739183851718556;0.450680973393886;0.505953787771581;0.337209668864991;1.431014719
"185SWEcr";0.167885347;46.9;0.591749072;1.88;0.61;1.195343807;1.149773301;25800;2540;996.95;5.62;553786.6875;63298.76745;59.832631;17.698857;5.8;551;1477;6.49847705465675;0.890474567438941;446;5.00728209108391;0.820822998021406;123;3.49545306924944;0.72637555237198;0.420587134883428;0.487763855539828;0.314335701920931;1.431014719
"186SWEcr";0.149690553;31.6;0.512187779;0.97;0.69;1.231721016;0.841456815;17900;1680;1237.18;6.34;2185938.625;179316.9312;59.832631;17.698857;5.8;551;1659;6.7488442262055;0.910287465696351;524;5.29005219776111;0.844854942634126;131;3.71881847450446;0.762803683208173;0.354447414367027;0.436142404786101;0.284382929894594;1.755569064
"187SWEcr";0.122158137;27.8;0.485441178;1.1;0.4;1.268911889;0.870233089;17200;1630;1069.07;6.38;1489902.438;121801.3373;59.832631;17.698857;5.8;551;1637;6.7249342410812;0.908698692329129;445;5.1621215699204;0.846516675767132;101;3.20318025956961;0.694062104744768;0.352933350860175;0.445662468712204;0.297018581703809;1.755569064
"188SWEcr";0.160012148;31.1;0.544765949;2.06;0.48;1.089817404;1.973742191;19300;1830;1219.78;6.68;1499910.438;159154.1133;59.832631;17.698857;5.8;551;1560;6.70010241895453;0.911275905186451;477;5.16658253711528;0.837708751123438;105;3.51334922937654;0.754916020987936;0.308365984872579;0.427316657457392;0.277561563378668;1.777782969
"189SWEcr";0.149822332;37.2;0.522178948;1.82;0.6;1.221921172;1.979994377;17400;1690;1175.58;6.9;1651168.313;155389.986;59.832631;17.698857;5.8;551;1586;6.73908859063716;0.914522412605969;460;5.04515649126464;0.822862521865498;106;3.23929409099432;0.69461485946802;0.306538873968262;0.424124359017257;0.293391978849568;1.777782969
"190SWEcr";0.157394413;31;0.548229873;2.18;0.37;0.970854676;1.643063285;17900;1780;1143.15;6.62;1705171.75;180593.6547;59.832631;17.698857;5.8;551;1524;6.64622390634796;0.906827521318026;450;4.86491197147814;0.796319334839728;93;2.76390781818243;0.609784257876186;0.312463156708072;0.432445296161502;0.303617594830835;1.777782969
"191SWEcr";0.160246012;23.7;0.529093921;1.78;0.5;1.277143424;1.066961617;19100;1820;1037.91;6.67;1369760.313;145559.4367;59.832631;17.698857;5.8;551;1536;6.69124993465918;0.911995020995464;452;5.12113176598075;0.837650963092962;136;3.71397943624373;0.756002512414888;0.309351701794459;0.408010677914133;0.287397548680466;1.777782969
"192SWEcr";0.148525521;26;0.543103337;2.24;0.3;1.228933104;1.689451768;20200;1870;1078.09;6.67;1755274.688;160753.9757;59.832631;17.698857;5.8;551;1658;6.78059473681363;0.914644375460147;420;5.15830548087462;0.853988072927429;118;3.72634073877262;0.781091401360445;0.313770143915734;0.434664285379999;0.334643362534132;1.777782969
"193SWEcr";0.130194762;27.4;0.48898831;1.93;0.36;1.289466577;1.540994586;16300;1600;1082.6;6.94;2315787.875;90669.47326;59.832631;17.698857;5.8;551;1510;6.64921943280869;0.908380072114557;480;5.13640084639306;0.831969355586641;117;3.52516538852053;0.740242888392156;0.340990355247507;0.415516738824887;0.281994235219785;1.777782969
"194SWEcr";0.133840711;24.2;0.52544564;1.61;0.69;1.379755359;1.484614339;17000;1640;1088.07;6.85;2390156.375;199186.1293;59.832631;17.698857;5.8;551;1616;6.71145708870643;0.908462538455462;496;5.30129162361147;0.854141105530443;123;3.45047020757168;0.717027851129499;0.318017171640181;0.439084489534657;0.270866991403141;1.777782969
"195SWEcr";0.114292151;21.5;0.50218147;2.2;0.49;1.255405719;1.216455099;18700;1760;1060.11;6.87;1626676.688;77729.44021;59.832631;17.698857;5.8;551;1497;6.62031009342404;0.905500252534115;430;5.02287105495803;0.828339210920886;119;3.53987824744126;0.740696123995022;0.340476083563428;0.433038009501889;0.324484944016957;1.777782969
"196SWEcr";0.201398358;21.9;0.481605917;1.13;0.41;1.388660224;0.796107003;15300;1470;1047.29;6.54;1403468.75;108390.5715;59.832631;17.698857;5.8;551;1515;6.60505931453308;0.901939824828766;393;4.98686781559358;0.834788541918922;109;3.42179071887728;0.729383282753139;0.335422904081597;0.474763396646719;0.328781880608611;1.755569064
"198SWEcr";0.11;48.8;0.5580405;3.1;0.35;NA;NA;18700;1650;620.19;6.47;1332204.938;122071.5362;58.347769;13.126463;6.3;656;1435;6.46621776199516;0.889570616812098;413;4.75945993241948;0.790155448182427;128;3.52323704995467;0.726136659977981;0.366515949458735;0.514998684551656;0.343810837491533;1.431014719
"199SWEcr";0.06;45.2;0.522310555;1.52;0.4;NA;NA;16900;1560;546.93;6.1;1052585.031;102028.9601;58.347769;13.126463;6.3;656;1438;6.45544112465741;0.88783297264338;364;4.81875255940141;0.817131902534621;99;3.40412237530702;0.740812532932588;0.436692474359797;0.563000587940617;0.377114213244951;1.431014719
"200SWEcr";0.15;44.3;0.595362842;2.5;0.39;NA;NA;25300;2360;686.24;5.9;1482287.531;86998.32101;58.347769;13.126463;6.3;656;1416;6.35769439875949;0.876247594227041;324;4.4515922903252;0.770072617503952;148;3.924585428413;0.785354956606003;0.413858285435471;0.546428197718944;0.429813355579732;1.406084118
"201SWEcr";0.12;43.2;0.572164059;1.85;0.4;NA;NA;22000;1950;721.35;5.96;1751139.563;166765.5362;58.347769;13.126463;6.3;656;1430;6.45724325719505;0.888762744002299;412;4.94421488070173;0.821158562893776;97;2.89516311720942;0.632862519799355;0.444917060454213;0.502089854017764;0.349564989550827;1.777782969
"202SWEcr";0.14;45.4;0.564662576;1.75;0.5;NA;NA;21300;1910;767.24;6.18;1634247.375;156755.2617;58.347769;13.126463;6.3;656;1598;6.60311241618533;0.895154225156929;413;4.95090136611675;0.821938149159353;151;3.88191499888408;0.773709086425683;0.398800350936473;0.471472448818168;0.336108464594306;1.777782969
"203SWEcr";0.05;45;0.576201677;1.58;0.4;NA;NA;19200;1660;636.56;6.14;1158305.625;104989.6658;58.347769;13.126463;6.3;656;1520;6.56247592926532;0.895721931304536;316;4.76343460727142;0.827596933724192;153;4.13807821057264;0.822607946909563;0.409151220817468;0.509423188365156;0.431422490122474;1.777782969
"204SWEcr";0.14;44.6;0.555127025;1.61;0.65;NA;NA;20000;1710;721.31;6.16;1628667.125;109420.3778;58.347769;13.126463;6.3;656;1585;6.67843785454284;0.906369431766261;361;4.75897480757031;0.808129297506713;156;4.03746319378869;0.799520459195775;0.384803247501126;0.509380361211192;0.352689489456586;1.777782969
"205SWEcr";0.12;45.8;0.563867271;1.84;0.34;NA;NA;21800;1870;696.07;5.95;1525439.688;218629.8061;58.347769;13.126463;6.3;656;1498;6.52705987025415;0.892664317221073;377;4.90095438805817;0.826155061565571;111;3.22854760186813;0.685534960784087;0.403624864124603;0.523608782929507;0.371991626962279;1.777782969
"206SWEcr";0.14;46.5;0.586480319;2.03;0.39;NA;NA;22700;1930;766.39;5.93;1427365.125;164924.0065;58.347769;13.126463;6.3;656;1488;6.48111379285562;0.887193266177457;445;4.98236075393486;0.817038383495216;138;3.53248656903783;0.716928089105508;0.41234156998359;0.497261451525846;0.333383159371058;1.777782969
"207SWEcr";0.12;47.2;0.573794246;2.48;0.38;NA;NA;20000;1650;755.48;6.25;1676848.813;174842.7214;58.347769;13.126463;6.3;656;1562;6.6126615495146;0.899226439673748;355;4.77865735132881;0.813787720657373;122;3.51125351750529;0.730898862600685;0.38047952414811;0.541764640559249;0.381394441327618;1.777782969
"208SWEcr";0.14;42.6;0.531523287;2.04;0.46;NA;NA;17200;1560;744.52;6.42;1675195.25;139128.8354;58.347769;13.126463;6.3;656;1590;6.68540785030834;0.906927702472368;380;4.77214511494306;0.803368272043933;132;3.65473491230533;0.748491331462705;0.34650192774503;0.48472135169185;0.353003913990978;1.777782969
"209SWEcr";0.13;46.2;0.583127558;1.8;0.34;NA;NA;21900;1820;589.22;6.76;1938811.563;140858.4278;58.347769;13.126463;6.3;656;1638;6.76770379468525;0.914402422097803;442;5.04559869676045;0.828327370374964;107;2.93258500648381;0.627582372556881;0.323985900575754;0.477493361799583;0.30884624816483;1.310069755
"211SWEcr";0.138686131;21.9;0.445364386;0.32;0.19;1.462217963;2.326275703;18100;1700;494.96;6.31;1311449.188;117631.9926;55.66917;13.1027;8;631;1606;6.5431025510184;0.886418867668076;520;5.22504748616545;0.835495764849558;105;3.51077873046924;0.754363695932737;0.34233452398399;0.445087072699174;0.294172342640831;NA
"212SWEcr";0.137037037;24.8;0.378500044;0.64;0.27;1.521251219;0.695931833;12600;1140;491.76;6.38;1117236.75;95505.1212;55.66917;13.1027;8;631;1566;6.56501665266292;0.892437041933369;334;4.84723633903994;0.834128159151236;103;3.01124838618344;0.649714016468021;0.370718643517831;0.495001886923789;0.404598662895787;1.431014719
"214SWEcr";0.31;16.4;0.578229368;0.3;0.22;1.059127453;1.125481606;28600;1870;1112.51;5.4;1090453.156;52052.58008;63.81083;20.24199;2.7;572;1184;6.19758955552186;0.875779671742082;288;4.69842126912801;0.829675800424308;67;2.55760957022087;0.60827503975578;0.576077481329991;0.6446388923457;0.489926293676288;1.332337213
"215SWEcr";0.29;9.7;0.581211984;0.29;0.4;1.149594117;1.389704828;26700;1680;1151.38;5.78;902003.3906;33140.14551;63.81083;20.24199;2.7;572;1423;6.43125595893378;0.885784166641911;370;5.10833456257358;0.86384238880119;113;3.56368260067861;0.7538375816286;0.517670012398408;0.609480420558983;0.423816984556577;1.332337213
"216SWEcr";0.28;9.4;0.556333184;0.31;0.52;1.15046145;0.91712707;26500;1640;1238.01;5.91;852932.2969;29835.37207;63.81083;20.24199;2.7;572;1434;6.4823564629944;0.89187638355657;293;4.86003060477353;0.85561318982779;84;3.04967559224061;0.688287449175678;0.503817994880587;0.580262026988974;0.487303687192158;1.332337213
"217SWEcr";0.3;9.2;0.580756247;0.26;0.34;1.274219605;NA;27300;1760;1315.21;5.59;1000628.359;35986.38086;63.81083;20.24199;2.7;572;1351;6.31467265580894;0.87599150455826;356;4.99588777246439;0.850373902491927;130;3.76034037834312;0.772534928436134;0.536530206801605;0.611479353901792;0.447741790345276;1.332337213
