Sample_No;country_ID;Sample_ID;country;landuse;landuse_ID;SM;Clay;BD;MWD;Ctot_mg;Ntot_mg;Ptot_mg;pH;Lat;Long;MAT;MAP;bact16S;fungITS
s001;SPA;SP1;Spain;grassland;gr;0.093;12.17;1.8;0.48;5600;410;100.53;7.23;37.64356;-5.282249;17.7;619;1768545.188;66095.83928
s002;SPA;SP2;Spain;cropland;cr;0.09;11.85;1.51;0.46;6600;540;157.58;5.58;37.64241;-5.28839;17.7;619;1470765.25;229031.2688
s003;SPA;SP3;Spain;cropland;cr;0.079;30.49;1.44;0.63;11500;950;101.41;8.2;37.65983;-5.282124;17.7;619;1519802.188;239741.9477
s004;SPA;SP4;Spain;grassland;gr;0.175;29.89;0.89;0.78;57500;1040;581.86;8.3;37.41256;-5.582707;17.9;607;1525786.25;119482.2303
s005;SPA;SP5;Spain;cropland;cr;0.192;25.55;0.97;0.56;41500;1010;465.18;8.27;37.4133;-5.584381;18;599;1510567.5;121069.0974
s006;SPA;SP6;Spain;cropland;cr;0.175;32.42;0.92;0.65;43200;1080;470.78;8.21;37.40317;-5.588811;18;599;1250934;94605.38948
s007;SPA;SP7;Spain;grassland;gr;0.031;17.09;1.42;1.38;8300;700;117.69;6.25;40.05545;-4.432289;15;361;1439589;104903.9223
s008;SPA;SP8;Spain;cropland ;cr;0.072;9.86;1.59;0.42;7600;660;941.29;6.45;40.05874;-4.416166;14.9;366;1386221.625;208623.8048
s009;SPA;SP9;Spain;cropland ;cr;0.054;10.81;1.65;0.35;6600;640;900.9;6.52;40.05793;-4.416149;14.9;366;1774360.563;207090.6933
s010;SPA;SP10;Spain;grassland;gr;0.165;54.49;0.91;0.9;22400;1260;341.66;8.11;40.07019;-4.423826;15;361;1402012.188;93927.60646
s011;SPA;SP11;Spain;cropland ;cr;0.091;41.65;1.54;0.49;7200;800;380.82;8.12;40.06371;-4.420127;15;361;1568966.813;98714.24304
s012;SPA;SP12;Spain;cropland ;cr;0.077;43.91;1.29;0.68;7500;800;278.9;7.45;40.0639;-4.420142;15;361;1477161.313;106398.6132
s013;SPA;SP13;Spain;grassland;gr;0.064;25.52;;;28200;1840;154.45;7.63;41.54515;-4.464057;11.9;432;1557527.375;184849.5355
s014;SPA;SP14;Spain;cropland ;cr;0.06;18.82;1.23;0.71;23700;1420;336.99;8.05;41.54509;-4.464584;11.9;432;1574612;97356.91606
s015;SPA;SP15;Spain;cropland ;cr;0.057;12.39;1.38;1.05;42800;1260;506.91;8.15;41.51923;-4.463892;11.6;436;1626439.063;124186.0216
s016;SPA;SP16;Spain;grassland;gr;0.085;42.78;1.29;1.7;24200;1670;290.72;7.32;40.52675;-3.298759;13.7;421;1582231.438;120353.1855
s017;SPA;SP17;Spain;cropland ;cr;0.063;23.56;1.34;0.22;9700;1150;282.79;7.21;40.52452;-3.300993;13.7;421;1825393.563;148514.6356
s018;SPA;SP18;Spain;cropland ;cr;0.042;13.42;1.52;0.28;9900;1000;360.63;8.06;40.52339;-3.30303;13.7;421;1993055.5;169382.1539
s019;SPA;SP19;Spain;grassland;gr;0.034;14.82;1.27;0.85;24700;840;434.15;8.14;40.51563;-3.309015;13.7;421;1717864.625;175243.6422
s020;SPA;SP20;Spain;cropland ;cr;0.043;14.01;1.48;0.39;10400;710;354.97;8.27;40.51571;-3.309145;13.7;421;1734256.625;472913.8839
s021;SPA;SP21;Spain;cropland ;cr;0.04;15.21;1.41;0.43;11300;830;372.82;8.19;40.51566;-3.309169;13.7;421;1556191.313;113419.7718
s022;SPA;SP22;Spain;grassland;gr;0.037;16.23;1.28;1;39500;1700;608.92;8.2;40.06453;-3.550226;14.7;406;1801860.5;189173.4151
s023;SPA;SP23;Spain;cropland ;cr;0.052;20.05;1.36;0.88;35300;1340;572.93;8.13;40.06727;-3.547293;14.7;406;1393767.25;119571.4
s024;SPA;SP24;Spain;cropland ;cr;0.044;18.3;1.43;0.26;34900;1110;536.22;8.09;40.06759;-3.542605;14.7;406;1744610.625;173952.4686
s025;SPA;SP25;Spain;grassland;gr;0.016;11.57;1.73;1.01;9500;880;234.85;6.62;40.98719;-5.125842;11.8;385;2142243;268156.2677
s026;SPA;SP26;Spain;cropland ;cr;0.026;16.17;1.52;0.38;9700;1000;473.28;7.05;40.99853;-5.121391;11.8;384;1872921.188;168557.4093
s027;SPA;SP27;Spain;cropland ;cr;0.037;22.34;1.47;0.47;8600;750;605.4;8.08;40.98531;-5.125259;11.8;385;1689110.375;130798.7349
s028;SPA;SP28;Spain;grassland;gr;0.066;20.57;1.24;1.83;71200;3390;862.48;7.55;41.74503;1.511542359;12.5;703;1423053.625;118863.0499
s029;SPA;SP29;Spain;cropland ;cr;0.072;22.43;1.22;1.53;51000;1910;1077.94;7.87;41.74506;1.511950509;12.5;703;1136806.125;95509.1125
s030;SPA;SP30;Spain;cropland ;cr;0.059;22.43;1.27;1.41;54100;1830;816.61;7.86;41.74491;1.511196403;12.5;703;1350030.563;85521.40236
s031;SPA;SP31;Spain;grassland;gr;0.039;9.61;1.32;2.49;25500;1800;704.79;7.85;41.65835252;2.319920379;15.2;693;1399755.813;59801.15832
s032;SPA;SP32;Spain;cropland ;cr;0.045;16.52;1.5;1.04;17600;1170;471;8.04;41.65816571;2.329518782;15.2;693;1605031.25;119629.9168
s033;SPA;SP33;Spain;cropland ;cr;0.031;19.99;1.5;0.56;28200;1870;1206.21;7.98;41.65832;2.319836689;15.2;693;1784625;104824.1731
s034;FRA;FR1;France;cropland;cr;0.116;24.9;1.21;0.91;9200;1080;430.22;7.34;43.529;1.5015;12.9;705;1654798.875;197371.4094
s035;FRA;FR2;France;cropland;cr;0.144;35.9;1.29;1.1;8300;1070;291.96;6.68;43.5346;1.4987;12.5;721;1354035.563;134234.0739
s036;FRA;FR3;France;grassland;gr;0.133;25.4;1.53;1.64;13800;1520;397.1;6.84;43.5346;1.4986;12.5;721;1361996.625;125807.0696
s037;FRA;FR4;France;cropland;cr;0.095;21;1.19;0.3;79800;1250;143.97;7.98;43.647444;3.884251;13.7;752;1384018.438;146708.5468
s038;FRA;FR5;France;cropland ;cr;0.077;20.4;1.25;0.4;77700;1420;74.5;7.91;43.647151;3.88559;13.7;752;1441387.625;114130.8307
s039;FRA;FR6;France;grassland;gr;0.109;16.4;1.06;1.4;126200;1510;0.43;7.8;43.6483;3.8829;13.7;752;1498386.938;114732.9606
s040;FRA;FR7;France;cropland;cr;0.073;27.9;1.24;0.56;50700;1010;443.12;8.03;43.6167;3.974;13.9;754;1208791.844;99276.88058
s041;FRA;FR8;France;cropland;cr;0.068;31.3;1.46;0.61;54100;1120;405.35;8.01;43.615902;3.976568;13.9;754;1510776.938;130601.0825
s042;FRA;FR9;France;cropland;cr;0.063;30;1.48;0.64;54200;1000;505.77;7.97;43.61605;3.975727;13.9;754;1636537.625;121064.3487
s043;FRA;FR10;France;cropland ;cr;0.088;34.5;1.38;0.64;59100;940;348.57;8.05;43.615201;3.975673;13.9;754;1676376.938;100697.2702
s044;FRA;FR11;France;cropland ;cr;0.064;27.2;1.24;0.47;52300;920;349.3;8.09;43.6139;3.97918;13.9;754;1523454.188;155315.4235
s045;FRA;FR12;France;grassland;gr;0.071;21.6;1.54;2.07;53700;1110;585.33;7.96;43.6173;3.9749;13.9;754;1434630.438;195726.2908
s046;FRA;FR13;France;cropland;cr;0.14;40.1;1.06;1.18;19000;1730;416.94;7.87;47.1357;5.53039;10.5;890;1507720.375;104494.9838
s047;FRA;FR14;France;cropland ;cr;0.12;34.4;1.16;2.37;16900;1550;676.28;7.83;47.135861;5.52108;10.5;890;1561041;70523.81588
s048;FRA;FR15;France;cropland ;cr;0.099;36.3;1.2;1.19;12300;1300;570.8;6.5;47.131621;5.53161;10.5;890;1603707.563;99416.75222
s049;FRA;FR16;France;cropland ;cr;0.093;31.9;1.22;1.09;10800;1170;442.34;6.9;47.133361;5.45433;10.7;843;1177312.656;58337.48234
s050;FRA;FR17;France;cropland ;cr;0.163;26.4;1.06;1;90200;3170;873.08;7.9;47.133872;5.33897;10.9;813;1483370.5;60320.25345
s051;FRA;FR18;France;cropland;cr;0.097;30.4;1.2;0.66;13100;1410;750.85;7.1;47.143577;5.35308;10.9;813;1425372.094;96806.14911
s052;FRA;FR19;France;grassland;gr;0.141;36.2;1.04;3.82;60900;1610;499.38;7.77;47.134469;5.42659;10.7;843;1361032.469;120410.0233
s053;FRA;FR20;France;grassland;gr;0.183;35.2;1.01;3.68;68300;2650;866.37;7.53;47.13395;5.4291;10.7;843;1576768;137288.5931
s054;FRA;FR21;France;cropland;cr;0.089;32;1.26;0.49;10400;1000;786.49;6.81;47.243276;5.100211;10.7;765;1614128.375;109294.4594
s055;FRA;FR22;France;cropland;cr;0.108;43.4;1.11;2.43;18300;1780;698.21;7.52;47.240649;5.09639;10.7;765;1679989.75;157281.8619
s056;FRA;FR23;France;cropland;cr;0.111;42.8;1.09;2.21;18600;1890;1739.87;7.2;47.235864;5.103856;10.7;765;1389029.438;80810.19707
s057;FRA;FR24;France;cropland;cr;0.139;45.1;1.08;2.97;23000;2160;968.72;7.91;47.232725;5.111105;10.7;765;1608061.188;87635.83337
s058;FRA;FR25;France;grassland;gr;0.151;44.2;1.32;3.32;27000;2460;898.98;7.09;47.233079;5.106059;10.7;765;1958484.313;181252.1979
s059;FRA;FR26;France;grassland;gr;0.188;40.8;1.17;4.2;46700;3520;1181.7;7.31;47.232674;5.111348;10.7;765;1817823.875;100927.4586
s060;FRA;FR27;France;cropland;cr;0.135;51.6;0.96;3.65;33400;3320;1213.3;7.33;47.38979;4.774691;8.9;897;1783793.563;152526.604
s061;FRA;FR28;France;cropland;cr;0.119;50.4;1.22;3.42;33100;3290;1162.98;7.41;47.389958;4.774793;8.9;897;1401389.688;122327.6847
s062;FRA;FR29;France;cropland;cr;0.125;48.2;1.12;3.54;34500;3320;1122.36;7.69;47.390044;4.774831;8.9;897;1973352.25;101297.2777
s063;FRA;FR30;France;cropland;cr;0.117;51;1.1;3.14;32600;3180;1047.46;7.53;47.39015;4.774936;8.9;897;1516609.063;111882.2562
s064;FRA;FR31;France;cropland;cr;0.117;50.3;1.17;3.12;32000;3170;1107.34;7.55;47.390289;4.775035;8.9;897;1765988.063;102794.0152
s065;FRA;FR32;France;cropland;cr;0.164;54.9;1.08;3.38;32700;3140;1081.97;7.73;47.390386;4.775062;8.9;897;2352345.438;104038.8597
s066;FRA;FR33;France;cropland;cr;0.119;46.2;1.01;3.39;35400;3530;1080.58;7.5;47.390526;4.775187;8.9;897;1942883.375;122926.6289
s067;FRA;FR34;France;cropland;cr;0.115;44.2;1.09;3.74;36000;3480;1084.13;7.49;47.390616;4.77522;8.9;897;2085026.938;108553.5399
s068;FRA;FR35;France;grassland;gr;0.149;45.6;1.24;4.11;37600;3260;1127.97;7.49;47.389603;4.774764;8.9;897;2144993.125;103524.0037
s069;FRA;FR36;France;cropland;cr;0.161;21.4;1.19;0.45;10400;1120;500.54;6.55;48.326813;2.382192;10.9;645;1917581.375;272255.7798
s070;FRA;FR37;France;cropland;cr;0.167;19.8;1.4;2.92;13500;1360;580.1;5.9;48.327091;2.380599;10.9;645;929830.1094;145620.8531
s071;FRA;FR38;France;grassland;gr;0.176;21.1;1.42;0.73;20600;2060;593.1;6.85;48.325879;2.380743;10.9;645;1569570.813;64893.97215
s072;FRA;FR39;France;grassland;gr;0.167;25.5;1.33;2.51;20300;2070;590.38;7.29;48.324773;2.382019;10.9;645;1636508.563;82502.66301
s073;SWI;CH1;Switzerland;cropland;cr;0.301;25.6;1.16;3.11;32100;3190;1050.02;7.54;47.27856667;8.637666667;9.1;1128;1466103.313;42224.89118
s074;SWI;CH2;Switzerland;grassland;gr;0.25;40.5;0.83;3.67;29100;3100;720.4;6.77;47.48746667;8.558616667;8.9;1084;1408346;58626.42209
s075;SWI;CH3;Switzerland;cropland;cr;0.208;21.1;0.89;2.89;20900;2190;858.32;6.54;47.52235;9.082366667;8.7;1064;1341996.313;75901.35942
s076;SWI;CH4;Switzerland;cropland;cr;0.338;36.7;0.92;2.76;33500;3310;1427.18;7.25;47.32073333;8.63385;8;1200;1373898.375;46444.97659
s077;SWI;CH5;Switzerland;grassland;gr;0.227;39.1;0.98;3.93;26200;2670;652.33;6.3;47.48995;8.46535;9.1;1067;1157143.25;58867.92259
s078;SWI;CH6;Switzerland;cropland;cr;0.194;21.3;1.09;3.3;24200;2550;763.79;6.56;47.52306667;9.0824;8.7;1064;1592014.625;56538.13366
s079;SWI;CH7;Switzerland;cropland;cr;0.184;25.8;0.98;1.75;30100;2370;1000.32;7.75;47.4419;8.4938;9;1092;1774386.5;94988.4511
s080;SWI;CH8;Switzerland;grassland;gr;0.239;35.9;0.95;3.5;24800;2690;694.8;5.8;47.52006667;9.08035;8.7;1064;1040534.906;51690.96236
s081;SWI;CH9;Switzerland;cropland;cr;0.269;29.7;0.91;3.65;35500;3580;675.11;7.18;47.32463333;8.639233333;8;1200;1465545.5;59154.54283
s082;SWI;CH10;Switzerland;cropland;cr;0.234;28.3;1.04;2.34;30600;3090;1713.92;7.05;47.45756667;8.460366667;9;1092;1724183.938;72301.03365
s083;SWI;CH11;Switzerland;grassland;gr;0.271;22.7;0.88;3.3;53900;3350;876.31;7.39;47.52698333;9.051283333;8.7;1064;1300227.688;32022.73715
s084;SWI;CH12;Switzerland;cropland;cr;0.352;45.2;0.96;3.8;51100;4790;1154.24;6.96;47.30628333;8.729283333;9.2;1102;1635474.813;49854.82797
s085;SWI;CH13;Switzerland;cropland;cr;0.214;16.1;1.01;2.61;27700;2840;897.66;7.1;47.52735;9.051166667;8.7;1064;1568309.75;62768.57882
s086;SWI;CH14;Switzerland;grassland;gr;0.201;30.8;1.05;3.81;27400;2340;659.15;7.15;47.30625;8.72745;9.2;1102;1139716.125;38135.9821
s087;SWI;CH15;Switzerland;cropland;cr;0.153;31.4;1.09;2.8;23800;2410;1033.33;6.78;47.47786667;8.660983333;8.4;1119;1717066.625;85038.13677
s088;SWI;CH16;Switzerland;cropland;cr;0.22;25.9;0.95;1.93;17600;1920;967.85;6.24;47.5452;9.0667;9.3;1002;1420605.938;109101.7546
s089;SWI;CH17;Switzerland;grassland;gr;0.163;28.7;1;3.29;46700;3340;431.88;6.59;47.547993;8.688404;9.1;1034;1630079.25;36112.35693
s090;SWI;CH18;Switzerland;cropland;cr;0.153;25.4;0.9;2.3;25500;2430;1151.03;7.36;47.46021667;8.686316667;8.7;1094;1969069.063;88202.17238
s091;SWI;CH19;Switzerland;cropland;cr;0.281;39.7;0.84;3.64;37700;3780;1390.46;7.05;47.31295;8.7141;9.2;1102;1487997.875;49184.62723
s092;SWI;CH20;Switzerland;grassland;gr;0.183;26.7;1.03;3.67;36500;2940;818.9;6.93;47.477722;8.664111;8.4;1119;1521600.688;71982.13726
s093;SWI;CH21;Switzerland;cropland;cr;0.294;27.1;0.94;2.96;29000;3080;1348.76;7.17;47.18103333;8.287566667;9;1119;1184542.875;37995.07961
s094;SWI;CH22;Switzerland;cropland;cr;0.136;27.4;0.79;1.39;32300;2400;1121.33;7.79;47.545917;8.684194;9.1;1034;1841123.625;165590.9286
s095;SWI;CH23;Switzerland;grassland;gr;0.291;39.8;1.18;3.65;21200;2330;781.6;5.74;47.17908333;8.333583333;8.6;1161;1033041.375;92278.93039
s096;SWI;CH24;Switzerland;cropland;cr;0.309;37.3;0.92;3.15;36600;4000;1139.35;7.2;47.18683333;8.295733333;8.4;1170;1478396.563;49120.58509
s097;SWI;CH25;Switzerland;cropland;cr;0.2;30.6;0.76;3.21;45100;3030;1251.49;7.61;47.514944;8.695778;9.2;1043;1466096.344;61699.26032
s098;SWI;CH26;Switzerland;grassland;gr;0.281;31.1;1.1;3.6;23600;2550;778.41;5.88;47.17476667;8.314583333;8.4;1170;1082664.719;57555.17433
s099;SWI;CH27;Switzerland;cropland;cr;0.202;24.6;1;3.7;25000;2610;779.67;6.61;47.37053333;8.069066667;9.1;1028;1491967.188;69427.69182
s100;SWI;CH28;Switzerland;cropland;cr;0.158;8.6;1.17;2.66;25600;1240;802.84;7.82;47.16695;8.31425;8.4;1170;1771599.313;70741.4671
s101;SWI;CH29;Switzerland;grassland;gr;0.172;20.4;1.34;3.46;17100;1760;777.63;5.92;47.38451667;8.191016667;9.2;1037;1511234.063;59220.6129
s102;SWI;CH30;Switzerland;cropland;cr;0.133;21.2;1.12;2.23;19700;2000;932.88;6.57;47.39183333;8.197383333;9.2;1037;1621511.688;87850.44648
s103;SWI;CH31;Switzerland;cropland;cr;0.309;24.5;1.01;3.99;38500;4120;1502.26;6.7;47.17618333;8.3226;8.4;1170;1218304.313;42163.93231
s104;SWI;CH32;Switzerland;grassland;gr;0.256;38.8;1.09;3.89;26600;2730;863.68;6;47.45343333;8.505883333;9.1;1090;1460060.813;90841.97441
s105;SWI;CH33;Switzerland;cropland;cr;0.183;30.8;1.23;2.28;21600;2170;731.58;7.24;47.45466667;8.505983333;9.1;1090;1764206.125;73215.38673
s106;SWI;CH34;Switzerland;cropland;cr;0.157;18.4;0.98;0.83;20300;2020;903.36;6.94;47.39145;8.197683333;9.2;1037;1523218.25;93809.70785
s107;SWI;CH35;Switzerland;grassland;gr;0.115;24.6;1.25;3.29;16600;1570;886.95;5.66;47.3954;8.2292;9.1;1055;1448715;108708.374
s108;SWI;CH36;Switzerland;cropland;cr;0.14;19.5;1.17;2.64;17200;1620;473.79;7.18;47.41341667;8.11485;9.4;999;1629441.75;78863.66807
s109;SWI;CH37;Switzerland;cropland;cr;0.135;14.7;0.99;1.51;19600;1950;1144.18;7.18;47.39468333;8.228516667;9.1;1055;1183380.359;106975.0313
s110;SWI;CH38;Switzerland;grassland;gr;0.122;19.5;1.16;2.69;14500;1410;708.12;6;47.38903333;8.232466667;9.1;1055;1056811.906;76957.07422
s111;SWI;CH39;Switzerland;cropland;cr;0.211;17.4;1.11;1.62;15400;1710;912.68;6.72;47.42441667;8.256333333;9.3;1035;1222648.938;94766.61344
s112;SWI;CH40;Switzerland;cropland;cr;0.097;12.9;1.08;1.24;15800;1640;926.05;7.04;47.3903;8.235866667;9.1;1055;1418303.438;95415.94983
s113;SWI;CH41;Switzerland;grassland;gr;0.198;39.8;0.99;3.66;50400;3530;562.43;7.54;47.41791667;8.1464;9.3;1012;1499041.813;67723.06351
s114;SWI;CH42;Switzerland;cropland;cr;0.169;19.1;1.21;2.4;16100;1650;897.66;6.6;47.41716667;8.176333333;9.2;1034;1365486.125;77185.48906
s115;SWI;CH43;Switzerland;cropland;cr;0.245;18.8;0.96;1.21;18200;1870;950.97;6.85;47.44865;8.26865;9.3;1035;1121402.578;99689.18359
s116;SWI;CH44;Switzerland;grassland;gr;0.267;31.1;0.98;3.26;24500;2190;1150.03;5.63;47.44751667;8.27215;9.3;1035;1513028.188;127586.8099
s117;SWI;CH45;Switzerland;cropland;cr;0.292;38.1;0.71;2.33;58500;4710;1690.23;7.86;47.42788333;8.212366667;9.4;1025;1448467.563;79021.62512
s118;SWI;CH46;Switzerland;cropland;cr;0.253;15.3;0.97;2.09;18300;2000;1012.14;6.31;47.45225;8.271816667;9.3;1035;1068441.542;83110.18844
s119;SWI;CH47;Switzerland;grassland;gr;0.191;26.9;1.08;2.79;20100;2070;690.52;6.36;47.43156667;8.21055;9.4;1025;1319343.266;43589.14717
s120;SWI;CH48;Switzerland;cropland;cr;0.248;21.7;1.07;2.57;48100;2550;997.07;7.87;47.39946667;8.578533333;8.8;1112;1564511.313;93568.88016
s121;SWI;CH49;Switzerland;cropland;cr;0.25;21.4;1.12;1.69;19600;2170;1011.41;7.3;47.4221;8.144833333;9.3;1012;2257677.375;123330.402
s122;SWI;CH50;Switzerland;grassland;gr;0.397;25.7;0.87;3.96;51700;4270;704.89;7.49;47.39281667;8.590733333;9;1099;1443264.813;42125.55612
s123;SWI;CH51;Switzerland;cropland;cr;0.241;16.4;1.06;2.68;17800;1880;940.08;6.76;47.3921;8.5922;9;1099;1775022.625;117468.3573
s124;SWI;CH52;Switzerland;cropland;cr;0.195;15.9;1.3;1.31;13700;1520;575.83;6.46;47.43316667;8.4015;9.1;1071;1842808.563;112841.558
s125;SWI;CH53;Switzerland;grassland;gr;0.277;21.7;0.92;3.6;34500;3740;1105.18;6.73;47.32913333;8.7503;8.9;1122;2288217.75;77687.81964
s126;SWI;CH54;Switzerland;cropland;cr;0.222;16.1;0.89;3;21400;2330;887.53;6.12;47.32871667;8.750616667;8.9;1122;1547833.75;74621.17077
s127;SWI;CH55;Switzerland;cropland;cr;0.184;29.1;1.13;1.32;14500;1720;864.96;6.24;46.3987;6.233016;9.9;966;1989711.563;178800.0013
s128;SWI;CH56;Switzerland;grassland;gr;0.233;26.5;1.15;3.26;26400;2810;877.77;6.1;46.3987;6.233016;9.9;966;1957145.188;97887.89684
s129;SWI;CH57;Switzerland;cropland;cr;0.205;22.4;1.16;1.72;17700;1960;886.36;7.4;46.3987;6.233016;9.9;966;1329587.813;54470.2057
s130;GER;CH58;Germany;cropland;cr;0.235;35.4;1;3.61;69700;3780;566.15;7.91;48.14403333;10.69398333;8;906;1858273.188;73148.0237
s131;GER;CH59;Germany;cropland;cr;0.231;22.5;1.14;3.65;27300;2870;918.23;6.25;48.32361667;10.6249;8.3;840;1531680.875;85193.20548
s132;GER;CH60;Germany;cropland;cr;0.352;37.8;0.88;1.95;72600;3310;544.19;8.06;48.18803333;10.72518333;8.1;892;1330276.438;54464.94468
s133;GER;CH61;Germany;cropland;cr;0.269;18.7;1.15;0.91;12400;1270;768.05;6.12;48.02288333;10.76066667;7.8;956;1066906.203;50242.10113
s134;GER;CH62;Germany;cropland;cr;0.113;23;1.15;2.13;16800;1760;847.25;7.18;48.62366667;12.82723333;8;902;1448792.313;79961.70587
s135;GER;CH63;Germany;cropland;cr;0.127;33.1;1.2;1.92;13500;1430;457.08;7.43;48.65931667;12.77893333;8.1;871;1367566.719;93989.87919
s136;GER;CH64;Germany;cropland;cr;0.127;20.6;1.27;0.7;13700;1420;809.63;6.98;48.6476;12.9002;8.3;878;1524681.5;100351.5549
s137;GER;CH65;Germany;cropland;cr;0.083;19.7;1.33;1.04;12500;1280;659.78;6.96;48.75203333;12.8242;8.4;812;1913994.125;171372.0726
s138;GER;CH66;Germany;cropland;cr;0.125;26.2;1.22;0.86;24900;1640;735.69;7.79;48.1639;10.76105;8.1;912;1672258.875;118504.8228
s139;GER;CH67;Germany;cropland;cr;0.13;24.6;1.25;1.37;19800;1890;893.98;7.68;48.1594;10.7612;8.1;912;1738515.625;76802.86566
s140;GER;CH68;Germany;cropland;cr;0.107;23.7;1.15;1.18;19700;2000;615.52;7.33;48.15971667;10.7292;8.1;908;1723969.313;83657.0612
s141;GER;CH69;Germany;cropland;cr;0.098;23.6;1.25;0.63;13800;1430;559.7;7.49;48.20721667;10.77866667;8.1;900;2022751.688;158784.961
s142;GER;CH70;Germany;cropland;cr;0.133;23.5;1.25;0.95;17400;1740;684.91;7.48;48.61168333;12.60896667;7.8;879;1538570.125;61308.2028
s143;GER;CH71;Germany;cropland;cr;0.112;24.2;1.25;0.67;15200;1650;964.27;7.13;48.64461667;12.84023333;8.3;874;1564324.375;114521.7509
s144;GER;CH72;Germany;cropland;cr;0.226;32.9;0.99;2.71;34900;3780;1346.22;7.02;48.64271667;12.83461667;8.3;874;1455245.531;135964.9247
s145;GER;CH73;Germany;cropland;cr;0.122;30.8;1.31;0.75;31400;1400;573.14;8.03;48.64233333;12.79008333;8.1;871;1560860.5;63799.57102
s146;GER;CH74;Germany;grassland;gr;0.135;24.8;1.19;1.72;21600;2030;784;7.45;48.15641667;10.76558333;8.1;912;2052915.625;51721.96124
s147;GER;CH75;Germany;grassland;gr;0.149;18.8;1.09;3.08;18300;1850;583.09;5.83;48.31551667;10.6424;8.3;846;1444607.688;33869.2484
s148;GER;CH76;Germany;grassland;gr;0.226;17.2;1.09;3.41;85200;3540;528.45;7.78;48.1916;10.72611667;8.1;892;1313517.563;26409.92334
s149;GER;CH77;Germany;grassland;gr;0.194;26.2;0.82;4.07;81900;7080;994.52;6.02;48.05768333;10.77398333;7.9;941;1266342.688;47919.40257
s150;GER;CH78;Germany;grassland;gr;0.163;27.3;1.29;3.61;23900;2520;530.46;6.41;48.16401667;10.72545;8.1;908;1646936.438;47251.11097
s151;GER;CH79;Germany;grassland;gr;0.262;27.6;1.17;3.57;39500;4170;603.17;5.97;48.6371;12.80358333;8.2;873;1434120.375;39015.21644
s152;GER;CH80;Germany;grassland;gr;0.182;27.7;1.13;1.81;20900;2070;651.45;5.89;48.647;12.83266667;8.2;873;1369424.813;73672.42754
s153;GER;CH81;Germany;grassland;gr;0.29;26.3;1.02;3.5;79500;5330;644.2;7.7;48.74028333;12.81943333;8.5;823;1855322.438;51924.32021
s154;GER;CH82;Germany;grassland;gr;0.16;29.5;1.26;4.06;24600;2280;402.57;7.11;48.6228;12.83348333;8;907;1596747.875;126101.3878
s155;GER;GE1;Germany;grassland;gr;0.115;13.5;1.53;3.63;13600;1310;807.92;6.05;54.312207;9.97513;8;774;1257919.688;39475.38858
s156;GER;GE4;Germany;grassland;gr;0.137;20.7;1.49;3.25;16300;1500;643.46;5.75;54.313022;9.98467;8;774;732162.8828;67123.84867
s157;GER;GE7;Germany;grassland;gr;0.145;12.8;1.5;3.27;18000;1630;712.8;6.16;54.314827;9.98646;8;774;1200990.625;40958.39624
s158;GER;GE10;Germany;grassland;gr;0.179;19.8;1.51;2.94;16400;1450;698.63;6.34;54.311646;9.99885;8;774;1144751.188;54183.05777
s159;GER;GE13;Germany;cropland;cr;0.11;11.2;1.52;1.16;11800;1010;616.3;7.56;54.31162;9.98116;8;774;1423995.125;102885.0161
s160;GER;GE16;Germany;cropland;cr;0.109;20.8;1.55;0.71;13200;1140;597.18;6.9;54.312154;9.979049;8;774;1500725.188;159630.9743
s161;GER;GE19;Germany;cropland;cr;0.131;18.1;1.51;0.91;13900;1200;703.5;7.23;54.31663;9.998858;8;774;1828638;93836.63605
s162;GER;GE22;Germany;cropland;cr;0.097;14.5;1.37;1.16;13500;1160;751.91;7.12;54.313605;9.997345;8;774;1380580.328;89007.36169
s163;GER;GE25;Germany;cropland;cr;0.145;20.6;1.49;1.16;14100;1260;568.52;7.19;54.318436;9.990228;8;774;1428805.563;81751.73545
s164;GER;GE28;Germany;cropland;cr;0.134;17.1;1.41;0.89;12600;1100;610.08;7.43;54.315818;9.986797;8;774;1348321.188;78729.79128
s165;GER;GE31;Germany;cropland;cr;0.089;18.8;1.47;0.76;10700;990;621.16;7.01;54.312005;9.976471;8;774;1839775.375;79346.82785
s166;GER;GE34;Germany;cropland;cr;0.101;17.7;1.51;0.75;11300;1060;660.73;7.05;54.312008;9.976011;8;774;1750903.563;93417.04967
s167;GER;GE37;Germany;cropland;cr;0.1;15;1.54;1.06;12100;1140;652.18;7.13;54.312146;9.975575;8;774;1242381.125;73201.12123
s168;GER;GE40;Germany;cropland;cr;0.108;19.3;1.49;1.06;14200;1150;587.01;6.89;54.3127;9.998685;8;774;1461986.25;77082.69488
s169;GER;GE43;Germany;grassland;gr;0.268;12.6;1.29;2.26;48800;4530;837.69;7.75;53.349999;13.74359;8.4;563;1502858.719;41947.92512
s170;GER;GE46;Germany;grassland;gr;0.06;13.5;1.3;2.03;15500;1300;445.33;6.98;53.365754;13.720488;8.4;563;1855388.5;65325.70079
s171;GER;GE49;Germany;grassland;gr;0.085;13.7;1.43;3.34;22400;1580;495.25;7.24;53.334467;13.646029;8.2;574;1854987.875;76528.10439
s172;GER;GE52;Germany;grassland;gr;0.046;8.8;1.21;2.47;20200;1040;461.52;7.99;53.324188;13.780387;8.5;561;1822903.781;95329.71465
s173;GER;GE55;Germany;grassland;gr;0.034;7.6;1.56;2.73;10400;870;510.14;7.33;53.343022;13.789101;8.4;563;1726525.875;82003.0627
s174;GER;GE58;Germany;cropland;cr;0.078;12.2;1.54;1.13;11700;1040;347.37;7.16;53.350577;13.743945;8.4;563;1605237;125342.993
s175;GER;GE61;Germany;cropland;cr;0.066;13.1;1.48;1.27;12400;1050;459.26;6.93;53.364539;13.721519;8.4;563;2013575.438;183830.4903
s176;GER;GE64;Germany;cropland;cr;0.084;18.1;1.56;0.79;10400;840;575.59;7.41;53.336125;13.645535;8.2;574;1375339.438;161001.0396
s177;GER;GE67;Germany;cropland;cr;0.074;13.4;1.48;1.67;13300;1030;469.65;7.92;53.323387;13.778924;8.5;561;1895018.938;110973.9061
s178;GER;GE70;Germany;cropland;cr;0.085;12.6;1.47;1.36;18100;1040;527.21;7.94;53.343158;13.79236;8.6;552;2528671.625;131980.9978
s179;GER;GE73;Germany;cropland;cr;0.055;10.8;1.48;0.59;9500;760;421.92;7.39;53.372768;13.800448;8.6;552;1468717.688;104501.0793
s180;GER;GE76;Germany;cropland;cr;0.081;15.9;1.31;0.58;15200;1320;579.73;7.42;53.32177;13.793753;8.6;551;1866357.625;134586.2297
s181;GER;GE79;Germany;cropland;cr;0.052;16.9;1.12;0.79;8700;640;423.92;6.86;53.373274;13.801252;8.6;552;1663026.063;162251.5073
s182;GER;GE82;Germany;cropland;cr;0.071;17.5;1.46;0.81;8200;630;382.92;6.91;53.372947;13.80056;8.6;552;1558738.25;134375.4306
s183;GER;GE85;Germany;cropland;cr;0.052;18.1;1.51;0.46;7400;510;401.79;6.75;53.373097;13.800563;8.6;552;1608343.25;137046.5086
s184;SWE;SW1;Sweden;cropland;cr;0.18;43.9;1.16;0.98;22600;2300;1005.46;5.58;59.832631;17.698857;5.8;551;1403865.25;153005.5415
s185;SWE;SW2;Sweden;cropland;cr;0.17;46.9;1.2;1.15;25800;2540;996.95;5.62;59.832631;17.698857;5.8;551;553786.6875;63298.76745
s186;SWE;SW3;Sweden;cropland;cr;0.15;31.6;1.23;0.84;17900;1680;1237.18;6.34;59.832631;17.698857;5.8;551;2185938.625;179316.9312
s187;SWE;SW4;Sweden;cropland;cr;0.12;27.8;1.27;0.87;17200;1630;1069.07;6.38;59.832631;17.698857;5.8;551;1489902.438;121801.3373
s188;SWE;SW5;Sweden;cropland;cr;0.16;31.1;1.09;1.97;19300;1830;1219.78;6.68;59.832631;17.698857;5.8;551;1499910.438;159154.1133
s189;SWE;SW6;Sweden;cropland;cr;0.15;37.2;1.22;1.98;17400;1690;1175.58;6.9;59.832631;17.698857;5.8;551;1651168.313;155389.986
s190;SWE;SW7;Sweden;cropland;cr;0.16;31;0.97;1.64;17900;1780;1143.15;6.62;59.832631;17.698857;5.8;551;1705171.75;180593.6547
s191;SWE;SW8;Sweden;cropland;cr;0.16;23.7;1.28;1.07;19100;1820;1037.91;6.67;59.832631;17.698857;5.8;551;1369760.313;145559.4367
s192;SWE;SW9;Sweden;cropland;cr;0.15;26;1.23;1.69;20200;1870;1078.09;6.67;59.832631;17.698857;5.8;551;1755274.688;160753.9757
s193;SWE;SW10;Sweden;cropland;cr;0.13;27.4;1.29;1.54;16300;1600;1082.6;6.94;59.832631;17.698857;5.8;551;2315787.875;90669.47326
s194;SWE;SW11;Sweden;cropland;cr;0.13;24.2;1.38;1.48;17000;1640;1088.07;6.85;59.832631;17.698857;5.8;551;2390156.375;199186.1293
s195;SWE;SW12;Sweden;cropland;cr;0.11;21.5;1.26;1.22;18700;1760;1060.11;6.87;59.832631;17.698857;5.8;551;1626676.688;77729.44021
s196;SWE;SW13;Sweden;cropland;cr;0.2;21.9;1.39;0.8;15300;1470;1047.29;6.54;59.832631;17.698857;5.8;551;1403468.75;108390.5715
s197;SWE;SW14;Sweden;grassland;gr;0.12;47.1;1.12;2.93;33200;3090;979.94;5.82;59.832631;17.698857;5.8;551;1738728.563;235510.6118
s198;SWE;SW15;Sweden;cropland;cr;0.11;48.8;;;18700;1650;620.19;6.47;58.347769;13.126463;6.3;656;1332204.938;122071.5362
s199;SWE;SW16;Sweden;cropland;cr;0.06;45.2;;;16900;1560;546.93;6.1;58.347769;13.126463;6.3;656;1052585.031;102028.9601
s200;SWE;SW17;Sweden;cropland;cr;0.15;44.3;;;25300;2360;686.24;5.9;58.347769;13.126463;6.3;656;1482287.531;86998.32101
s201;SWE;SW18;Sweden;cropland;cr;0.12;43.2;;;22000;1950;721.35;5.96;58.347769;13.126463;6.3;656;1751139.563;166765.5362
s202;SWE;SW19;Sweden;cropland;cr;0.14;45.4;;;21300;1910;767.24;6.18;58.347769;13.126463;6.3;656;1634247.375;156755.2617
s203;SWE;SW20;Sweden;cropland;cr;0.05;45;;;19200;1660;636.56;6.14;58.347769;13.126463;6.3;656;1158305.625;104989.6658
s204;SWE;SW21;Sweden;cropland;cr;0.14;44.6;;;20000;1710;721.31;6.16;58.347769;13.126463;6.3;656;1628667.125;109420.3778
s205;SWE;SW22;Sweden;cropland;cr;0.12;45.8;;;21800;1870;696.07;5.95;58.347769;13.126463;6.3;656;1525439.688;218629.8061
s206;SWE;SW23;Sweden;cropland;cr;0.14;46.5;;;22700;1930;766.39;5.93;58.347769;13.126463;6.3;656;1427365.125;164924.0065
s207;SWE;SW24;Sweden;cropland;cr;0.12;47.2;;;20000;1650;755.48;6.25;58.347769;13.126463;6.3;656;1676848.813;174842.7214
s208;SWE;SW25;Sweden;cropland;cr;0.14;42.6;;;17200;1560;744.52;6.42;58.347769;13.126463;6.3;656;1675195.25;139128.8354
s209;SWE;SW26;Sweden;cropland;cr;0.13;46.2;;;21900;1820;589.22;6.76;58.347769;13.126463;6.3;656;1938811.563;140858.4278
s210;SWE;SW27;Sweden;grassland;gr;0.2;45.2;;;30800;2590;425.87;5.89;58.347769;13.126463;6.3;656;1222949.563;54591.6834
s211;SWE;SW28;Sweden;cropland;cr;0.14;21.9;1.47;2.33;18100;1700;494.96;6.31;55.66917;13.1027;8;631;1311449.188;117631.9926
s212;SWE;SW29;Sweden;cropland;cr;0.14;24.8;1.55;0.7;12600;1140;491.76;6.38;55.66917;13.1027;8;631;1117236.75;95505.1212
s213;SWE;SW30;Sweden;grassland;gr;0.32;22.7;1.22;3.01;23800;2190;564.08;5.63;55.66917;13.1027;8;631;1222626.188;69059.91581
s214;SWE;SW31;Sweden;cropland;cr;0.31;16.4;1.06;1.13;28600;1870;1112.51;5.4;63.81083;20.24199;2.7;572;1090453.156;52052.58008
s215;SWE;SW32;Sweden;cropland;cr;0.29;9.7;1.15;1.39;26700;1680;1151.38;5.78;63.81083;20.24199;2.7;572;902003.3906;33140.14551
s216;SWE;SW33;Sweden;cropland;cr;0.28;9.4;1.15;0.92;26500;1640;1238.01;5.91;63.81083;20.24199;2.7;572;852932.2969;29835.37207
s217;SWE;SW34;Sweden;cropland;cr;0.3;9.2;1.09;1.27;27300;1760;1315.21;5.59;63.81083;20.24199;2.7;572;1000628.359;35986.38086